"donor_id","diagnosis","sex","age","braak","cerad","n_replicates","vdac1_mean","vdac1_sd","vdac1_min","vdac1_max","sample_ids"
959,"NCI","Female",85.1635865845,3,2,2,14.6329,0.003,14.6308,14.6349,"GSM5625606; GSM5625607"
1474,"NCI","Male",76.3093771389,3,2,1,14.4246,NA,14.4246,14.4246,"GSM5625610"
1988,"NCI","Female",92.1916495551,4,2,3,14.7099,0.1598,14.5281,14.8281,"GSM5625615; GSM5625616; GSM5625617"
3400,"NCI","Female",82.9349760438,4,2,2,13.9868,0.0606,13.9439,14.0296,"GSM5625625; GSM5625626"
718,"MCI","Male",80.5338809035,5,2,2,14.8625,0.0574,14.822,14.9031,"GSM5625604; GSM5625605"
3499,"MCI","Male",89.2156057495,4,1,2,14.6145,0.0038,14.6119,14.6172,"GSM5625627; GSM5625628"
4287,"MCI","Female",90.0314852841,3,4,4,14.6627,0.3761,14.3384,15.0604,"GSM5625631; GSM5625632; GSM5625633; GSM5625634"
4452,"MCI","Male",72.7063655031,2,4,2,14.1343,0.0031,14.1321,14.1365,"GSM5625635; GSM5625636"
579,"AD","Male",83.8110882957,2,2,2,14.9045,0.0455,14.8723,14.9366,"GSM5625602; GSM5625603"
1291,"AD","Male",83.3976728268,3,4,2,14.1695,0.0021,14.1681,14.171,"GSM5625608; GSM5625609"
1770,"AD","Male",80.3230663929,5,1,4,14.8558,0.3708,14.4165,15.2238,"GSM5625611; GSM5625612; GSM5625613; GSM5625614"
2539,"AD","Female",85.6399726215,5,1,2,14.9047,0.1134,14.8245,14.9849,"GSM5625618; GSM5625619"
2701,"AD","Male",86.2477754962,3,4,3,14.3892,0.462,14.0765,14.9198,"GSM5625620; GSM5625621; GSM5625622"
2798,"AD","Male",87.3839835729,5,1,2,14.6456,0.0013,14.6447,14.6466,"GSM5625623; GSM5625624"
3863,"AD","Male",88.0465434634,5,2,2,14.6952,0.0244,14.678,14.7125,"GSM5625629; GSM5625630"
