"sample_id","donor_id","diagnosis","sex","age","braak","cerad","pmi","vdac1_log2"
"GSM5625602",579,"AD","Male",83.8110882957,2,2,12,14.8723268145575
"GSM5625603",579,"AD","Male",83.8110882957,2,2,12,14.9366125490026
"GSM5625604",718,"MCI","Male",80.5338809035,5,2,4.5833333333,14.8219767595299
"GSM5625605",718,"MCI","Male",80.5338809035,5,2,4.5833333333,14.903104952665
"GSM5625606",959,"NCI","Female",85.1635865845,3,2,3.25,14.630762920734
"GSM5625607",959,"NCI","Female",85.1635865845,3,2,3.25,14.6349499170633
"GSM5625608",1291,"AD","Male",83.3976728268,3,4,7.5833333333,14.1680614522123
"GSM5625609",1291,"AD","Male",83.3976728268,3,4,7.5833333333,14.170992081291
"GSM5625610",1474,"NCI","Male",76.3093771389,3,2,2.5,14.4245678335828
"GSM5625611",1770,"AD","Male",80.3230663929,5,1,2.6666666667,15.0931576309604
"GSM5625612",1770,"AD","Male",80.3230663929,5,1,2.6666666667,14.4164593497272
"GSM5625613",1770,"AD","Male",80.3230663929,5,1,2.6666666667,15.2238457539097
"GSM5625614",1770,"AD","Male",80.3230663929,5,1,2.6666666667,14.6896806440439
"GSM5625615",1988,"NCI","Female",92.1916495551,4,2,3.0833333333,14.7734792227512
"GSM5625616",1988,"NCI","Female",92.1916495551,4,2,3.0833333333,14.528075903182
"GSM5625617",1988,"NCI","Female",92.1916495551,4,2,3.0833333333,14.8280842470542
"GSM5625618",2539,"AD","Female",85.6399726215,5,1,3.6666666667,14.8245447911072
"GSM5625619",2539,"AD","Female",85.6399726215,5,1,3.6666666667,14.9849070525069
"GSM5625620",2701,"AD","Male",86.2477754962,3,4,3.6666666667,14.076484524006
"GSM5625621",2701,"AD","Male",86.2477754962,3,4,3.6666666667,14.9198306330673
"GSM5625622",2701,"AD","Male",86.2477754962,3,4,3.6666666667,14.1713666393862
"GSM5625623",2798,"AD","Male",87.3839835729,5,1,4.5,14.6465673585364
"GSM5625624",2798,"AD","Male",87.3839835729,5,1,4.5,14.6446690940681
"GSM5625625",3400,"NCI","Female",82.9349760438,4,2,3.1666666667,14.0296096056771
"GSM5625626",3400,"NCI","Female",82.9349760438,4,2,3.1666666667,13.9439423177337
"GSM5625627",3499,"MCI","Male",89.2156057495,4,1,13.4166666667,14.6172259905341
"GSM5625628",3499,"MCI","Male",89.2156057495,4,1,13.4166666667,14.6118576175643
"GSM5625629",3863,"AD","Male",88.0465434634,5,2,3.9166666667,14.7124708240856
"GSM5625630",3863,"AD","Male",88.0465434634,5,2,3.9166666667,14.6779841390084
"GSM5625631",4287,"MCI","Female",90.0314852841,3,4,2.75,14.3384404430763
"GSM5625632",4287,"MCI","Female",90.0314852841,3,4,2.75,14.3446996152966
"GSM5625633",4287,"MCI","Female",90.0314852841,3,4,2.75,14.9073565596909
"GSM5625634",4287,"MCI","Female",90.0314852841,3,4,2.75,15.0603977308097
"GSM5625635",4452,"MCI","Male",72.7063655031,2,4,7.75,14.1320989324785
"GSM5625636",4452,"MCI","Male",72.7063655031,2,4,7.75,14.1364901137909
