"donor_id","diagnosis","sex","age","braak","vdac1_donor","n_replicates"
579,"AD","Male",83.8110882957,2,14.90446968178,2
718,"MCI","Male",80.5338809035,5,14.8625408560974,2
959,"NCI","Female",85.1635865845,3,14.6328564188987,2
1291,"AD","Male",83.3976728268,3,14.1695267667517,2
1474,"NCI","Male",76.3093771389,3,14.4245678335828,1
1770,"AD","Male",80.3230663929,5,14.8557858446603,4
1988,"NCI","Female",92.1916495551,4,14.7098797909958,3
2539,"AD","Female",85.6399726215,5,14.904725921807,2
2701,"AD","Male",86.2477754962,3,14.3892272654865,3
2798,"AD","Male",87.3839835729,5,14.6456182263023,2
3400,"NCI","Female",82.9349760438,4,13.9867759617054,2
3499,"MCI","Male",89.2156057495,4,14.6145418040492,2
3863,"AD","Male",88.0465434634,5,14.695227481547,2
4287,"MCI","Female",90.0314852841,3,14.6627235872184,4
4452,"MCI","Male",72.7063655031,2,14.1342945231347,2
