"dataset","source_column","key","unique_values"
"GSE109887","status","status","""""Public on Dec 09 2019"""""
"GSE118553","status","status","""""Public on Jul 22 2019"""""
"GSE125583","status","status","""""Public on Apr 17 2019"""""
"GSE132903","status","status","""""Public on Jun 19 2019"""""
"GSE15222","status","status","""""Public on Nov 04 2007"""" | """"Public on Apr 10 2009"""""
"GSE29378","status","status","""""Public on Jun 07 2013"""""
"GSE33000","status","status","""""Public on Jul 31 2014"""""
"GSE36980","status","status","""""Public on Apr 17 2013"""" | """"Public on Sep 04 2020"""""
"GSE36980","contact_phone","contact_phone","""""81-92-642-6800"""""
"GSE44770","status","status","""""Public on Apr 25 2013"""""
"GSE48350","status","status","""""Public on Oct 09 2008"""" | """"Public on May 01 2009"""" | """"Public on Apr 21 2014"""""
"GSE48350","contact_phone","contact_phone","""""949 824 6071"""""
"GSE5281","status","status","""""Public on Jul 10 2006"""" | """"Public on Oct 23 2007"""""
"GSE66351","status","status","""""Public on Aug 12 2018"""""
"GSE66351","contact_phone","contact_phone","""""04906813022881"""""
"GSE97760","status","status","""""Public on Apr 14 2017"""""
"GSE97760","contact_phone","contact_phone","""""6143553572"""""
"GSE109887",NA,"""""gender","Male"""" | Female"""""
"GSE118553",NA,"""""gender","FEMALE"""" | MALE"""""
"GSE125583",NA,"""""tissue","fusiform gyrus"""""
"GSE132903",NA,"""""tissue","middle temporal gyrus"""""
"GSE15222",NA,"""""GENDER_female,AGE_100,PMI_11.25,TRANSDET_WHOLE_0.471,TRANSDET_CORTEX_0.806,HYBDATE_8.31.2006,BRAINBANK_G""""",""
"GSE15222",NA,"""""GENDER_female,AGE_100,PMI_13,TRANSDET_WHOLE_0.453,TRANSDET_CORTEX_0.78,HYBDATE_6.27.2006,BRAINBANK_G""""",""
"GSE15222",NA,"""""GENDER_female,AGE_65,PMI_6,TRANSDET_WHOLE_0.441,TRANSDET_CORTEX_0.758,HYBDATE_8.31.2006,BRAINBANK_D""""",""
"GSE15222",NA,"""""GENDER_female,AGE_66,PMI_13.58,TRANSDET_WHOLE_0.456,TRANSDET_CORTEX_0.786,HYBDATE_6.22.2006,BRAINBANK_C""""",""
"GSE15222",NA,"""""GENDER_female,AGE_67,PMI_5.5,TRANSDET_WHOLE_0.45,TRANSDET_CORTEX_0.774,HYBDATE_3.9.2006,BRAINBANK_N""""",""
"GSE15222",NA,"""""GENDER_female,AGE_67,PMI_8,TRANSDET_WHOLE_0.429,TRANSDET_CORTEX_0.74,HYBDATE_6.22.2006,BRAINBANK_C""""",""
"GSE15222",NA,"""""GENDER_female,AGE_69,PMI_11.5,TRANSDET_WHOLE_0.465,TRANSDET_CORTEX_0.802,HYBDATE_6.27.2006,BRAINBANK_I""""",""
"GSE15222",NA,"""""GENDER_female,AGE_70,PMI_2,TRANSDET_WHOLE_0.468,TRANSDET_CORTEX_0.805,HYBDATE_3.9.2006,BRAINBANK_A""""",""
"GSE15222",NA,"""""GENDER_female,AGE_72,PMI_11,TRANSDET_WHOLE_0.486,TRANSDET_CORTEX_0.837,HYBDATE_2.22.2006,BRAINBANK_F""""",""
"GSE15222",NA,"""""GENDER_female,AGE_72,PMI_3,TRANSDET_WHOLE_0.451,TRANSDET_CORTEX_0.778,HYBDATE_6.22.2006,BRAINBANK_C""""",""
"GSE15222",NA,"""""GENDER_female,AGE_72,PMI_3.75,TRANSDET_WHOLE_0.478,TRANSDET_CORTEX_0.825,HYBDATE_6.22.2006,BRAINBANK_M""""",""
"GSE15222",NA,"""""GENDER_female,AGE_72,PMI_30,TRANSDET_WHOLE_0.499,TRANSDET_CORTEX_0.856,HYBDATE_9.7.2006,BRAINBANK_C""""",""
"GSE15222",NA,"""""GENDER_female,AGE_72,PMI_4,TRANSDET_WHOLE_0.503,TRANSDET_CORTEX_0.864,HYBDATE_3.9.2006,BRAINBANK_N""""",""
"GSE15222",NA,"""""GENDER_female,AGE_73,PMI_13.5,TRANSDET_WHOLE_0.392,TRANSDET_CORTEX_0.665,HYBDATE_9.13.2006,BRAINBANK_H""""",""
"GSE15222",NA,"""""GENDER_female,AGE_73,PMI_2.5,TRANSDET_WHOLE_0.511,TRANSDET_CORTEX_0.875,HYBDATE_9.13.2006,BRAINBANK_A""""",""
"GSE15222",NA,"""""GENDER_female,AGE_73,PMI_5,TRANSDET_WHOLE_0.369,TRANSDET_CORTEX_0.634,HYBDATE_6.8.2006,BRAINBANK_I""""",""
"GSE15222",NA,"""""GENDER_female,AGE_74,PMI_3,TRANSDET_WHOLE_0.389,TRANSDET_CORTEX_0.672,HYBDATE_6.27.2006,BRAINBANK_D""""",""
"GSE15222",NA,"""""GENDER_female,AGE_74,PMI_3.5,TRANSDET_WHOLE_0.436,TRANSDET_CORTEX_0.749,HYBDATE_3.9.2006,BRAINBANK_N""""",""
"GSE15222",NA,"""""GENDER_female,AGE_75,PMI_3.7,TRANSDET_WHOLE_0.411,TRANSDET_CORTEX_0.707,HYBDATE_6.27.2006,BRAINBANK_P""""",""
"GSE15222",NA,"""""GENDER_female,AGE_75,PMI_6,TRANSDET_WHOLE_0.454,TRANSDET_CORTEX_0.781,HYBDATE_8.31.2006,BRAINBANK_D""""",""
"GSE15222",NA,"""""GENDER_female,AGE_76,PMI_24,TRANSDET_WHOLE_0.441,TRANSDET_CORTEX_0.761,HYBDATE_9.7.2006,BRAINBANK_F""""",""
"GSE15222",NA,"""""GENDER_female,AGE_76,PMI_6,TRANSDET_WHOLE_0.466,TRANSDET_CORTEX_0.804,HYBDATE_3.9.2006,BRAINBANK_L""""",""
"GSE15222",NA,"""""GENDER_female,AGE_76,PMI_8.7,TRANSDET_WHOLE_0.48,TRANSDET_CORTEX_0.823,HYBDATE_9.7.2006,BRAINBANK_H""""",""
"GSE15222",NA,"""""GENDER_female,AGE_78,PMI_21,TRANSDET_WHOLE_0.453,TRANSDET_CORTEX_0.779,HYBDATE_9.13.2006,BRAINBANK_G""""",""
"GSE15222",NA,"""""GENDER_female,AGE_78,PMI_6,TRANSDET_WHOLE_0.53,TRANSDET_CORTEX_0.901,HYBDATE_2.22.2006,BRAINBANK_K""""",""
"GSE15222",NA,"""""GENDER_female,AGE_80,PMI_54,TRANSDET_WHOLE_0.444,TRANSDET_CORTEX_0.761,HYBDATE_9.13.2006,BRAINBANK_F""""",""
"GSE15222",NA,"""""GENDER_female,AGE_80,PMI_8,TRANSDET_WHOLE_0.468,TRANSDET_CORTEX_0.807,HYBDATE_2.22.2006,BRAINBANK_E""""",""
"GSE15222",NA,"""""GENDER_female,AGE_81,PMI_1.17,TRANSDET_WHOLE_0.484,TRANSDET_CORTEX_0.831,HYBDATE_6.22.2006,BRAINBANK_C""""",""
"GSE15222",NA,"""""GENDER_female,AGE_81,PMI_3,TRANSDET_WHOLE_0.476,TRANSDET_CORTEX_0.82,HYBDATE_3.9.2006,BRAINBANK_A""""",""
"GSE15222",NA,"""""GENDER_female,AGE_82,PMI_2,TRANSDET_WHOLE_0.474,TRANSDET_CORTEX_0.813,HYBDATE_9.13.2006,BRAINBANK_A""""",""
"GSE15222",NA,"""""GENDER_female,AGE_82,PMI_25,TRANSDET_WHOLE_0.453,TRANSDET_CORTEX_0.779,HYBDATE_6.27.2006,BRAINBANK_H""""",""
"GSE15222",NA,"""""GENDER_female,AGE_82,PMI_8.12,TRANSDET_WHOLE_0.45,TRANSDET_CORTEX_0.773,HYBDATE_9.7.2006,BRAINBANK_C""""",""
"GSE15222",NA,"""""GENDER_female,AGE_83,PMI_28.17,TRANSDET_WHOLE_0.355,TRANSDET_CORTEX_0.612,HYBDATE_6.22.2006,BRAINBANK_C""""",""
"GSE15222",NA,"""""GENDER_female,AGE_83,PMI_3.25,TRANSDET_WHOLE_0.411,TRANSDET_CORTEX_0.71,HYBDATE_3.9.2006,BRAINBANK_A""""",""
"GSE15222",NA,"""""GENDER_female,AGE_83,PMI_4.75,TRANSDET_WHOLE_0.492,TRANSDET_CORTEX_0.846,HYBDATE_8.31.2006,BRAINBANK_G""""",""
"GSE15222",NA,"""""GENDER_female,AGE_85,PMI_1.66,TRANSDET_WHOLE_0.471,TRANSDET_CORTEX_0.795,HYBDATE_9.7.2006,BRAINBANK_M""""",""
"GSE15222",NA,"""""GENDER_female,AGE_85,PMI_11,TRANSDET_WHOLE_0.471,TRANSDET_CORTEX_0.813,HYBDATE_2.22.2006,BRAINBANK_N""""",""
"GSE15222",NA,"""""GENDER_female,AGE_85,PMI_2.25,TRANSDET_WHOLE_0.37,TRANSDET_CORTEX_0.637,HYBDATE_9.13.2006,BRAINBANK_G""""",""
"GSE15222",NA,"""""GENDER_female,AGE_85,PMI_2.75,TRANSDET_WHOLE_0.403,TRANSDET_CORTEX_0.695,HYBDATE_8.31.2006,BRAINBANK_A""""",""
"GSE15222",NA,"""""GENDER_female,AGE_85,PMI_21,TRANSDET_WHOLE_0.486,TRANSDET_CORTEX_0.835,HYBDATE_6.27.2006,BRAINBANK_H""""",""
"GSE15222",NA,"""""GENDER_female,AGE_85,PMI_21.3,TRANSDET_WHOLE_0.445,TRANSDET_CORTEX_0.765,HYBDATE_6.27.2006,BRAINBANK_H""""",""
"GSE15222",NA,"""""GENDER_female,AGE_85,PMI_3.5,TRANSDET_WHOLE_0.384,TRANSDET_CORTEX_0.656,HYBDATE_6.8.2006,BRAINBANK_I""""",""
"GSE15222",NA,"""""GENDER_female,AGE_85,PMI_4,TRANSDET_WHOLE_0.462,TRANSDET_CORTEX_0.796,HYBDATE_8.31.2006,BRAINBANK_G""""",""
"GSE15222",NA,"""""GENDER_female,AGE_85,PMI_4.58,TRANSDET_WHOLE_0.491,TRANSDET_CORTEX_0.843,HYBDATE_6.22.2006,BRAINBANK_Q""""",""
"GSE15222",NA,"""""GENDER_female,AGE_85,PMI_5,TRANSDET_WHOLE_0.442,TRANSDET_CORTEX_0.762,HYBDATE_6.27.2006,BRAINBANK_G""""",""
"GSE15222",NA,"""""GENDER_female,AGE_86,PMI_10,TRANSDET_WHOLE_0.429,TRANSDET_CORTEX_0.738,HYBDATE_8.31.2006,BRAINBANK_P""""",""
"GSE15222",NA,"""""GENDER_female,AGE_86,PMI_11,TRANSDET_WHOLE_0.511,TRANSDET_CORTEX_0.87,HYBDATE_6.15.2006,BRAINBANK_F""""",""
"GSE15222",NA,"""""GENDER_female,AGE_86,PMI_15.75,TRANSDET_WHOLE_0.494,TRANSDET_CORTEX_0.847,HYBDATE_6.22.2006,BRAINBANK_C""""",""
"GSE15222",NA,"""""GENDER_female,AGE_86,PMI_2.25,TRANSDET_WHOLE_0.518,TRANSDET_CORTEX_0.886,HYBDATE_6.22.2006,BRAINBANK_M""""",""
"GSE15222",NA,"""""GENDER_female,AGE_86,PMI_2.58,TRANSDET_WHOLE_0.477,TRANSDET_CORTEX_0.822,HYBDATE_6.27.2006,BRAINBANK_Q""""",""
"GSE15222",NA,"""""GENDER_female,AGE_86,PMI_3,TRANSDET_WHOLE_0.449,TRANSDET_CORTEX_0.773,HYBDATE_8.31.2006,BRAINBANK_I""""",""
"GSE15222",NA,"""""GENDER_female,AGE_86,PMI_3.75,TRANSDET_WHOLE_0.49,TRANSDET_CORTEX_0.845,HYBDATE_6.22.2006,BRAINBANK_M""""",""
"GSE15222",NA,"""""GENDER_female,AGE_86,PMI_8.5,TRANSDET_WHOLE_0.429,TRANSDET_CORTEX_0.74,HYBDATE_6.27.2006,BRAINBANK_P""""",""
"GSE15222",NA,"""""GENDER_female,AGE_86,PMI_9.5,TRANSDET_WHOLE_0.479,TRANSDET_CORTEX_0.823,HYBDATE_6.27.2006,BRAINBANK_Q""""",""
"GSE15222",NA,"""""GENDER_female,AGE_87,PMI_15,TRANSDET_WHOLE_0.442,TRANSDET_CORTEX_0.761,HYBDATE_8.31.2006,BRAINBANK_G""""",""
"GSE15222",NA,"""""GENDER_female,AGE_87,PMI_23.25,TRANSDET_WHOLE_0.41,TRANSDET_CORTEX_0.707,HYBDATE_8.31.2006,BRAINBANK_G""""",""
"GSE15222",NA,"""""GENDER_female,AGE_87,PMI_3,TRANSDET_WHOLE_0.462,TRANSDET_CORTEX_0.796,HYBDATE_9.7.2006,BRAINBANK_B""""",""
"GSE15222",NA,"""""GENDER_female,AGE_87,PMI_3,TRANSDET_WHOLE_0.489,TRANSDET_CORTEX_0.84,HYBDATE_8.31.2006,BRAINBANK_G""""",""
"GSE15222",NA,"""""GENDER_female,AGE_88,PMI_16,TRANSDET_WHOLE_0.407,TRANSDET_CORTEX_0.704,HYBDATE_6.27.2006,BRAINBANK_G""""",""
"GSE15222",NA,"""""GENDER_female,AGE_88,PMI_2.5,TRANSDET_WHOLE_0.456,TRANSDET_CORTEX_0.784,HYBDATE_2.22.2006,BRAINBANK_Q""""",""
"GSE15222",NA,"""""GENDER_female,AGE_88,PMI_5,TRANSDET_WHOLE_0.417,TRANSDET_CORTEX_0.716,HYBDATE_8.31.2006,BRAINBANK_I""""",""
"GSE15222",NA,"""""GENDER_female,AGE_88,PMI_9,TRANSDET_WHOLE_0.422,TRANSDET_CORTEX_0.724,HYBDATE_8.31.2006,BRAINBANK_G""""",""
"GSE15222",NA,"""""GENDER_female,AGE_89,PMI_8,TRANSDET_WHOLE_0.505,TRANSDET_CORTEX_0.866,HYBDATE_6.22.2006,BRAINBANK_Q""""",""
"GSE15222",NA,"""""GENDER_female,AGE_89,PMI_unknown,TRANSDET_WHOLE_0.398,TRANSDET_CORTEX_0.685,HYBDATE_6.8.2006,BRAINBANK_P""""",""
"GSE15222",NA,"""""GENDER_female,AGE_91,PMI_4,TRANSDET_WHOLE_0.418,TRANSDET_CORTEX_0.72,HYBDATE_6.22.2006,BRAINBANK_M""""",""
"GSE15222",NA,"""""GENDER_female,AGE_91,PMI_4.42,TRANSDET_WHOLE_0.399,TRANSDET_CORTEX_0.683,HYBDATE_2.22.2006,BRAINBANK_O""""",""
"GSE15222",NA,"""""GENDER_female,AGE_91,PMI_4.67,TRANSDET_WHOLE_0.415,TRANSDET_CORTEX_0.71,HYBDATE_6.27.2006,BRAINBANK_O""""",""
"GSE15222",NA,"""""GENDER_female,AGE_91,PMI_5.25,TRANSDET_WHOLE_0.43,TRANSDET_CORTEX_0.733,HYBDATE_2.22.2006,BRAINBANK_O""""",""
"GSE15222",NA,"""""GENDER_female,AGE_91,PMI_8,TRANSDET_WHOLE_0.513,TRANSDET_CORTEX_0.876,HYBDATE_3.9.2006,BRAINBANK_E""""",""
"GSE15222",NA,"""""GENDER_female,AGE_93,PMI_2.3,TRANSDET_WHOLE_0.483,TRANSDET_CORTEX_0.83,HYBDATE_2.22.2006,BRAINBANK_R""""",""
"GSE15222",NA,"""""GENDER_female,AGE_93,PMI_2.75,TRANSDET_WHOLE_0.476,TRANSDET_CORTEX_0.816,HYBDATE_6.22.2006,BRAINBANK_M""""",""
"GSE15222",NA,"""""GENDER_female,AGE_94,PMI_4.5,TRANSDET_WHOLE_0.397,TRANSDET_CORTEX_0.679,HYBDATE_2.22.2006,BRAINBANK_O""""",""
"GSE15222",NA,"""""GENDER_female,AGE_94,PMI_9.75,TRANSDET_WHOLE_0.487,TRANSDET_CORTEX_0.84,HYBDATE_9.7.2006,BRAINBANK_B""""",""
"GSE15222",NA,"""""GENDER_female,AGE_95,PMI_10.08,TRANSDET_WHOLE_0.469,TRANSDET_CORTEX_0.795,HYBDATE_2.22.2006,BRAINBANK_O""""",""
"GSE15222",NA,"""""GENDER_female,AGE_95,PMI_14,TRANSDET_WHOLE_0.434,TRANSDET_CORTEX_0.744,HYBDATE_9.7.2006,BRAINBANK_F""""",""
"GSE15222",NA,"""""GENDER_female,AGE_95,PMI_5.75,TRANSDET_WHOLE_0.436,TRANSDET_CORTEX_0.741,HYBDATE_2.22.2006,BRAINBANK_O""""",""
"GSE15222",NA,"""""GENDER_female,AGE_96,PMI_5,TRANSDET_WHOLE_0.421,TRANSDET_CORTEX_0.723,HYBDATE_6.8.2006,BRAINBANK_P""""",""
"GSE15222",NA,"""""GENDER_female,AGE_97,PMI_12,TRANSDET_WHOLE_0.489,TRANSDET_CORTEX_0.84,HYBDATE_2.22.2006,BRAINBANK_G""""",""
"GSE15222",NA,"""""GENDER_female,AGE_97,PMI_2.75,TRANSDET_WHOLE_0.444,TRANSDET_CORTEX_0.766,HYBDATE_9.13.2006,BRAINBANK_M""""",""
"GSE15222",NA,"""""GENDER_female,AGE_97,PMI_4,TRANSDET_WHOLE_0.437,TRANSDET_CORTEX_0.747,HYBDATE_9.7.2006,BRAINBANK_C""""",""
"GSE15222",NA,"""""GENDER_female,AGE_97,PMI_9.5,TRANSDET_WHOLE_0.42,TRANSDET_CORTEX_0.726,HYBDATE_8.31.2006,BRAINBANK_G""""",""
"GSE15222",NA,"""""GENDER_female,AGE_99,PMI_3.5,TRANSDET_WHOLE_0.469,TRANSDET_CORTEX_0.807,HYBDATE_6.27.2006,BRAINBANK_G""""",""
"GSE15222",NA,"""""GENDER_female,AGE_99,PMI_36,TRANSDET_WHOLE_0.437,TRANSDET_CORTEX_0.753,HYBDATE_2.22.2006,BRAINBANK_L""""",""
"GSE15222",NA,"""""GENDER_female,AGE_99,PMI_5.25,TRANSDET_WHOLE_0.439,TRANSDET_CORTEX_0.757,HYBDATE_6.27.2006,BRAINBANK_G""""",""
"GSE15222",NA,"""""GENDER_female,AGE_99,PMI_6,TRANSDET_WHOLE_0.478,TRANSDET_CORTEX_0.823,HYBDATE_6.15.2006,BRAINBANK_G""""",""
"GSE15222",NA,"""""GENDER_male,AGE_65,PMI_10.5,TRANSDET_WHOLE_0.476,TRANSDET_CORTEX_0.819,HYBDATE_8.31.2006,BRAINBANK_G""""",""
"GSE15222",NA,"""""GENDER_male,AGE_65,PMI_12,TRANSDET_WHOLE_0.459,TRANSDET_CORTEX_0.792,HYBDATE_8.31.2006,BRAINBANK_G""""",""
"GSE15222",NA,"""""GENDER_male,AGE_65,PMI_24,TRANSDET_WHOLE_0.347,TRANSDET_CORTEX_0.598,HYBDATE_9.13.2006,BRAINBANK_H""""",""
"GSE15222",NA,"""""GENDER_male,AGE_65,PMI_24,TRANSDET_WHOLE_0.457,TRANSDET_CORTEX_0.788,HYBDATE_6.27.2006,BRAINBANK_G""""",""
"GSE15222",NA,"""""GENDER_male,AGE_65,PMI_5.83,TRANSDET_WHOLE_0.448,TRANSDET_CORTEX_0.773,HYBDATE_6.22.2006,BRAINBANK_Q""""",""
"GSE15222",NA,"""""GENDER_male,AGE_66,PMI_12,TRANSDET_WHOLE_0.352,TRANSDET_CORTEX_0.608,HYBDATE_2.22.2006,BRAINBANK_E""""",""
"GSE15222",NA,"""""GENDER_male,AGE_66,PMI_4,TRANSDET_WHOLE_0.423,TRANSDET_CORTEX_0.728,HYBDATE_8.31.2006,BRAINBANK_I""""",""
"GSE15222",NA,"""""GENDER_male,AGE_67,PMI_24.5,TRANSDET_WHOLE_0.382,TRANSDET_CORTEX_0.655,HYBDATE_8.31.2006,BRAINBANK_G""""",""
"GSE15222",NA,"""""GENDER_male,AGE_67,PMI_3.08,TRANSDET_WHOLE_0.492,TRANSDET_CORTEX_0.847,HYBDATE_6.22.2006,BRAINBANK_Q""""",""
"GSE15222",NA,"""""GENDER_male,AGE_67,PMI_6,TRANSDET_WHOLE_0.394,TRANSDET_CORTEX_0.679,HYBDATE_6.8.2006,BRAINBANK_P""""",""
"GSE15222",NA,"""""GENDER_male,AGE_67,PMI_unknown,TRANSDET_WHOLE_0.447,TRANSDET_CORTEX_0.77,HYBDATE_6.27.2006,BRAINBANK_P""""",""
"GSE15222",NA,"""""GENDER_male,AGE_68,PMI_10,TRANSDET_WHOLE_0.39,TRANSDET_CORTEX_0.673,HYBDATE_2.22.2006,BRAINBANK_E""""",""
"GSE15222",NA,"""""GENDER_male,AGE_68,PMI_16,TRANSDET_WHOLE_0.441,TRANSDET_CORTEX_0.754,HYBDATE_8.31.2006,BRAINBANK_G""""",""
"GSE15222",NA,"""""GENDER_male,AGE_68,PMI_2,TRANSDET_WHOLE_0.487,TRANSDET_CORTEX_0.84,HYBDATE_3.9.2006,BRAINBANK_A""""",""
"GSE15222",NA,"""""GENDER_male,AGE_68,PMI_22.25,TRANSDET_WHOLE_0.458,TRANSDET_CORTEX_0.79,HYBDATE_6.27.2006,BRAINBANK_G""""",""
"GSE15222",NA,"""""GENDER_male,AGE_69,PMI_11,TRANSDET_WHOLE_0.501,TRANSDET_CORTEX_0.857,HYBDATE_3.9.2006,BRAINBANK_N""""",""
"GSE15222",NA,"""""GENDER_male,AGE_69,PMI_12,TRANSDET_WHOLE_0.492,TRANSDET_CORTEX_0.847,HYBDATE_2.22.2006,BRAINBANK_Q""""",""
"GSE15222",NA,"""""GENDER_male,AGE_69,PMI_16,TRANSDET_WHOLE_0.491,TRANSDET_CORTEX_0.845,HYBDATE_6.27.2006,BRAINBANK_H""""",""
"GSE15222",NA,"""""GENDER_male,AGE_69,PMI_2.16,TRANSDET_WHOLE_0.445,TRANSDET_CORTEX_0.769,HYBDATE_3.9.2006,BRAINBANK_A""""",""
"GSE15222",NA,"""""GENDER_male,AGE_69,PMI_24,TRANSDET_WHOLE_0.342,TRANSDET_CORTEX_0.59,HYBDATE_9.13.2006,BRAINBANK_F""""",""
"GSE15222",NA,"""""GENDER_male,AGE_69,PMI_9.5,TRANSDET_WHOLE_0.356,TRANSDET_CORTEX_0.612,HYBDATE_6.8.2006,BRAINBANK_G""""",""
"GSE15222",NA,"""""GENDER_male,AGE_70,PMI_18,TRANSDET_WHOLE_0.492,TRANSDET_CORTEX_0.844,HYBDATE_9.7.2006,BRAINBANK_G""""",""
"GSE15222",NA,"""""GENDER_male,AGE_70,PMI_19,TRANSDET_WHOLE_0.404,TRANSDET_CORTEX_0.696,HYBDATE_3.9.2006,BRAINBANK_N""""",""
"GSE15222",NA,"""""GENDER_male,AGE_70,PMI_20.5,TRANSDET_WHOLE_0.476,TRANSDET_CORTEX_0.819,HYBDATE_6.27.2006,BRAINBANK_H""""",""
"GSE15222",NA,"""""GENDER_male,AGE_70,PMI_8.5,TRANSDET_WHOLE_0.442,TRANSDET_CORTEX_0.761,HYBDATE_8.31.2006,BRAINBANK_G""""",""
"GSE15222",NA,"""""GENDER_male,AGE_71,PMI_9.25,TRANSDET_WHOLE_0.419,TRANSDET_CORTEX_0.723,HYBDATE_6.27.2006,BRAINBANK_G""""",""
"GSE15222",NA,"""""GENDER_male,AGE_72,PMI_18,TRANSDET_WHOLE_0.401,TRANSDET_CORTEX_0.692,HYBDATE_9.13.2006,BRAINBANK_I""""",""
"GSE15222",NA,"""""GENDER_male,AGE_72,PMI_26,TRANSDET_WHOLE_0.509,TRANSDET_CORTEX_0.87,HYBDATE_9.7.2006,BRAINBANK_H""""",""
"GSE15222",NA,"""""GENDER_male,AGE_72,PMI_unknown,TRANSDET_WHOLE_0.456,TRANSDET_CORTEX_0.787,HYBDATE_6.27.2006,BRAINBANK_P""""",""
"GSE15222",NA,"""""GENDER_male,AGE_73,PMI_18,TRANSDET_WHOLE_0.384,TRANSDET_CORTEX_0.663,HYBDATE_9.7.2006,BRAINBANK_H""""",""
"GSE15222",NA,"""""GENDER_male,AGE_73,PMI_7,TRANSDET_WHOLE_0.47,TRANSDET_CORTEX_0.81,HYBDATE_6.27.2006,BRAINBANK_H""""",""
"GSE15222",NA,"""""GENDER_male,AGE_73,PMI_9,TRANSDET_WHOLE_0.487,TRANSDET_CORTEX_0.839,HYBDATE_2.22.2006,BRAINBANK_E""""",""
"GSE15222",NA,"""""GENDER_male,AGE_74,PMI_16,TRANSDET_WHOLE_0.524,TRANSDET_CORTEX_0.888,HYBDATE_8.31.2006,BRAINBANK_G""""",""
"GSE15222",NA,"""""GENDER_male,AGE_74,PMI_24,TRANSDET_WHOLE_0.428,TRANSDET_CORTEX_0.739,HYBDATE_9.7.2006,BRAINBANK_H""""",""
"GSE15222",NA,"""""GENDER_male,AGE_74,PMI_unknown,TRANSDET_WHOLE_0.497,TRANSDET_CORTEX_0.855,HYBDATE_6.22.2006,BRAINBANK_B""""",""
"GSE15222",NA,"""""GENDER_male,AGE_75,PMI_1.17,TRANSDET_WHOLE_0.451,TRANSDET_CORTEX_0.772,HYBDATE_9.7.2006,BRAINBANK_C""""",""
"GSE15222",NA,"""""GENDER_male,AGE_75,PMI_18.9,TRANSDET_WHOLE_0.442,TRANSDET_CORTEX_0.763,HYBDATE_6.22.2006,BRAINBANK_C""""",""
"GSE15222",NA,"""""GENDER_male,AGE_75,PMI_6,TRANSDET_WHOLE_0.457,TRANSDET_CORTEX_0.787,HYBDATE_2.22.2006,BRAINBANK_F""""",""
"GSE15222",NA,"""""GENDER_male,AGE_76,PMI_2.5,TRANSDET_WHOLE_0.372,TRANSDET_CORTEX_0.641,HYBDATE_9.13.2006,BRAINBANK_A""""",""
"GSE15222",NA,"""""GENDER_male,AGE_76,PMI_30,TRANSDET_WHOLE_0.386,TRANSDET_CORTEX_0.665,HYBDATE_3.9.2006,BRAINBANK_F""""",""
"GSE15222",NA,"""""GENDER_male,AGE_76,PMI_49,TRANSDET_WHOLE_0.402,TRANSDET_CORTEX_0.693,HYBDATE_9.13.2006,BRAINBANK_F""""",""
"GSE15222",NA,"""""GENDER_male,AGE_76,PMI_8.5,TRANSDET_WHOLE_0.497,TRANSDET_CORTEX_0.856,HYBDATE_8.31.2006,BRAINBANK_G""""",""
"GSE15222",NA,"""""GENDER_male,AGE_76,PMI_9,TRANSDET_WHOLE_0.435,TRANSDET_CORTEX_0.749,HYBDATE_6.27.2006,BRAINBANK_P""""",""
"GSE15222",NA,"""""GENDER_male,AGE_77,PMI_11.25,TRANSDET_WHOLE_0.506,TRANSDET_CORTEX_0.867,HYBDATE_6.27.2006,BRAINBANK_Q""""",""
"GSE15222",NA,"""""GENDER_male,AGE_77,PMI_17,TRANSDET_WHOLE_0.447,TRANSDET_CORTEX_0.769,HYBDATE_6.27.2006,BRAINBANK_H""""",""
"GSE15222",NA,"""""GENDER_male,AGE_77,PMI_2.5,TRANSDET_WHOLE_0.464,TRANSDET_CORTEX_0.8,HYBDATE_9.13.2006,BRAINBANK_A""""",""
"GSE15222",NA,"""""GENDER_male,AGE_77,PMI_3.5,TRANSDET_WHOLE_0.515,TRANSDET_CORTEX_0.877,HYBDATE_6.22.2006,BRAINBANK_M""""",""
"GSE15222",NA,"""""GENDER_male,AGE_77,PMI_6,TRANSDET_WHOLE_0.448,TRANSDET_CORTEX_0.767,HYBDATE_9.7.2006,BRAINBANK_K""""",""
"GSE15222",NA,"""""GENDER_male,AGE_77,PMI_unknown,TRANSDET_WHOLE_0.455,TRANSDET_CORTEX_0.781,HYBDATE_2.22.2006,BRAINBANK_J""""",""
"GSE15222",NA,"""""GENDER_male,AGE_78,PMI_1.66,TRANSDET_WHOLE_0.428,TRANSDET_CORTEX_0.739,HYBDATE_3.9.2006,BRAINBANK_A""""",""
"GSE15222",NA,"""""GENDER_male,AGE_78,PMI_1.66,TRANSDET_WHOLE_0.432,TRANSDET_CORTEX_0.742,HYBDATE_3.9.2006,BRAINBANK_A""""",""
"GSE15222",NA,"""""GENDER_male,AGE_78,PMI_46,TRANSDET_WHOLE_0.415,TRANSDET_CORTEX_0.716,HYBDATE_2.22.2006,BRAINBANK_L""""",""
"GSE15222",NA,"""""GENDER_male,AGE_78,PMI_6,TRANSDET_WHOLE_0.484,TRANSDET_CORTEX_0.829,HYBDATE_2.22.2006,BRAINBANK_L""""",""
"GSE15222",NA,"""""GENDER_male,AGE_79,PMI_1.66,TRANSDET_WHOLE_0.445,TRANSDET_CORTEX_0.765,HYBDATE_3.9.2006,BRAINBANK_A""""",""
"GSE15222",NA,"""""GENDER_male,AGE_79,PMI_3,TRANSDET_WHOLE_0.504,TRANSDET_CORTEX_0.864,HYBDATE_9.7.2006,BRAINBANK_A""""",""
"GSE15222",NA,"""""GENDER_male,AGE_79,PMI_9,TRANSDET_WHOLE_0.494,TRANSDET_CORTEX_0.85,HYBDATE_8.31.2006,BRAINBANK_G""""",""
"GSE15222",NA,"""""GENDER_male,AGE_80,PMI_22,TRANSDET_WHOLE_0.487,TRANSDET_CORTEX_0.841,HYBDATE_2.22.2006,BRAINBANK_E""""",""
"GSE15222",NA,"""""GENDER_male,AGE_80,PMI_8,TRANSDET_WHOLE_0.402,TRANSDET_CORTEX_0.694,HYBDATE_8.31.2006,BRAINBANK_P""""",""
"GSE15222",NA,"""""GENDER_male,AGE_80,PMI_unknown,TRANSDET_WHOLE_0.4,TRANSDET_CORTEX_0.689,HYBDATE_8.31.2006,BRAINBANK_P""""",""
"GSE15222",NA,"""""GENDER_male,AGE_81,PMI_14,TRANSDET_WHOLE_0.46,TRANSDET_CORTEX_0.794,HYBDATE_6.27.2006,BRAINBANK_H""""",""
"GSE15222",NA,"""""GENDER_male,AGE_81,PMI_2.75,TRANSDET_WHOLE_0.468,TRANSDET_CORTEX_0.808,HYBDATE_3.9.2006,BRAINBANK_A""""",""
"GSE15222",NA,"""""GENDER_male,AGE_81,PMI_3.25,TRANSDET_WHOLE_0.473,TRANSDET_CORTEX_0.817,HYBDATE_6.22.2006,BRAINBANK_C""""",""
"GSE15222",NA,"""""GENDER_male,AGE_81,PMI_4.25,TRANSDET_WHOLE_0.379,TRANSDET_CORTEX_0.653,HYBDATE_9.13.2006,BRAINBANK_C""""",""
"GSE15222",NA,"""""GENDER_male,AGE_81,PMI_6,TRANSDET_WHOLE_0.421,TRANSDET_CORTEX_0.726,HYBDATE_6.27.2006,BRAINBANK_H""""",""
"GSE15222",NA,"""""GENDER_male,AGE_81,PMI_7.24,TRANSDET_WHOLE_0.354,TRANSDET_CORTEX_0.611,HYBDATE_9.13.2006,BRAINBANK_C""""",""
"GSE15222",NA,"""""GENDER_male,AGE_82,PMI_2.1,TRANSDET_WHOLE_0.493,TRANSDET_CORTEX_0.85,HYBDATE_6.22.2006,BRAINBANK_M""""",""
"GSE15222",NA,"""""GENDER_male,AGE_82,PMI_23,TRANSDET_WHOLE_0.494,TRANSDET_CORTEX_0.84,HYBDATE_9.7.2006,BRAINBANK_F""""",""
"GSE15222",NA,"""""GENDER_male,AGE_82,PMI_8.75,TRANSDET_WHOLE_0.429,TRANSDET_CORTEX_0.738,HYBDATE_9.13.2006,BRAINBANK_G""""",""
"GSE15222",NA,"""""GENDER_male,AGE_82,PMI_unknown,TRANSDET_WHOLE_0.468,TRANSDET_CORTEX_0.808,HYBDATE_6.22.2006,BRAINBANK_B""""",""
"GSE15222",NA,"""""GENDER_male,AGE_83,PMI_28,TRANSDET_WHOLE_0.446,TRANSDET_CORTEX_0.769,HYBDATE_9.7.2006,BRAINBANK_H""""",""
"GSE15222",NA,"""""GENDER_male,AGE_83,PMI_3.16,TRANSDET_WHOLE_0.486,TRANSDET_CORTEX_0.833,HYBDATE_3.9.2006,BRAINBANK_A""""",""
"GSE15222",NA,"""""GENDER_male,AGE_83,PMI_5.5,TRANSDET_WHOLE_0.47,TRANSDET_CORTEX_0.811,HYBDATE_8.31.2006,BRAINBANK_P""""",""
"GSE15222",NA,"""""GENDER_male,AGE_83,PMI_unknown,TRANSDET_WHOLE_0.459,TRANSDET_CORTEX_0.786,HYBDATE_6.27.2006,BRAINBANK_P""""",""
"GSE15222",NA,"""""GENDER_male,AGE_84,PMI_16.5,TRANSDET_WHOLE_0.442,TRANSDET_CORTEX_0.757,HYBDATE_6.15.2006,BRAINBANK_P""""",""
"GSE15222",NA,"""""GENDER_male,AGE_84,PMI_2,TRANSDET_WHOLE_0.464,TRANSDET_CORTEX_0.798,HYBDATE_6.22.2006,BRAINBANK_C""""",""
"GSE15222",NA,"""""GENDER_male,AGE_84,PMI_6,TRANSDET_WHOLE_0.399,TRANSDET_CORTEX_0.688,HYBDATE_6.22.2006,BRAINBANK_Q""""",""
"GSE15222",NA,"""""GENDER_male,AGE_85,PMI_2,TRANSDET_WHOLE_0.456,TRANSDET_CORTEX_0.78,HYBDATE_9.7.2006,BRAINBANK_C""""",""
"GSE15222",NA,"""""GENDER_male,AGE_85,PMI_2.5,TRANSDET_WHOLE_0.367,TRANSDET_CORTEX_0.633,HYBDATE_3.9.2006,BRAINBANK_A""""",""
"GSE15222",NA,"""""GENDER_male,AGE_85,PMI_3.16,TRANSDET_WHOLE_0.484,TRANSDET_CORTEX_0.836,HYBDATE_3.9.2006,BRAINBANK_A""""",""
"GSE15222",NA,"""""GENDER_male,AGE_85,PMI_9.5,TRANSDET_WHOLE_0.423,TRANSDET_CORTEX_0.729,HYBDATE_3.9.2006,BRAINBANK_N""""",""
"GSE15222",NA,"""""GENDER_male,AGE_86,PMI_2.5,TRANSDET_WHOLE_0.474,TRANSDET_CORTEX_0.817,HYBDATE_8.31.2006,BRAINBANK_A""""",""
"GSE15222",NA,"""""GENDER_male,AGE_86,PMI_20,TRANSDET_WHOLE_0.434,TRANSDET_CORTEX_0.75,HYBDATE_9.7.2006,BRAINBANK_F""""",""
"GSE15222",NA,"""""GENDER_male,AGE_86,PMI_3,TRANSDET_WHOLE_0.434,TRANSDET_CORTEX_0.749,HYBDATE_6.27.2006,BRAINBANK_A""""",""
"GSE15222",NA,"""""GENDER_male,AGE_86,PMI_7,TRANSDET_WHOLE_0.445,TRANSDET_CORTEX_0.769,HYBDATE_3.9.2006,BRAINBANK_N""""",""
"GSE15222",NA,"""""GENDER_male,AGE_86,PMI_7.8,TRANSDET_WHOLE_0.43,TRANSDET_CORTEX_0.743,HYBDATE_6.27.2006,BRAINBANK_I""""",""
"GSE15222",NA,"""""GENDER_male,AGE_87,PMI_2,TRANSDET_WHOLE_0.479,TRANSDET_CORTEX_0.826,HYBDATE_6.22.2006,BRAINBANK_M""""",""
"GSE15222",NA,"""""GENDER_male,AGE_87,PMI_3.5,TRANSDET_WHOLE_0.46,TRANSDET_CORTEX_0.794,HYBDATE_6.22.2006,BRAINBANK_Q""""",""
"GSE15222",NA,"""""GENDER_male,AGE_87,PMI_4,TRANSDET_WHOLE_0.367,TRANSDET_CORTEX_0.632,HYBDATE_6.8.2006,BRAINBANK_I""""",""
"GSE15222",NA,"""""GENDER_male,AGE_88,PMI_10,TRANSDET_WHOLE_0.481,TRANSDET_CORTEX_0.829,HYBDATE_2.22.2006,BRAINBANK_E""""",""
"GSE15222",NA,"""""GENDER_male,AGE_88,PMI_5,TRANSDET_WHOLE_0.485,TRANSDET_CORTEX_0.835,HYBDATE_6.22.2006,BRAINBANK_M""""",""
"GSE15222",NA,"""""GENDER_male,AGE_89,PMI_30,TRANSDET_WHOLE_0.466,TRANSDET_CORTEX_0.804,HYBDATE_3.9.2006,BRAINBANK_N""""",""
"GSE15222",NA,"""""GENDER_male,AGE_90,PMI_6,TRANSDET_WHOLE_0.455,TRANSDET_CORTEX_0.783,HYBDATE_9.7.2006,BRAINBANK_N""""",""
"GSE15222",NA,"""""GENDER_male,AGE_90,PMI_7,TRANSDET_WHOLE_0.463,TRANSDET_CORTEX_0.796,HYBDATE_6.22.2006,BRAINBANK_Q""""",""
"GSE15222",NA,"""""GENDER_male,AGE_90,PMI_7.42,TRANSDET_WHOLE_0.465,TRANSDET_CORTEX_0.8,HYBDATE_9.7.2006,BRAINBANK_C""""",""
"GSE15222",NA,"""""GENDER_male,AGE_91,PMI_16,TRANSDET_WHOLE_0.488,TRANSDET_CORTEX_0.835,HYBDATE_2.22.2006,BRAINBANK_R""""",""
"GSE15222",NA,"""""GENDER_male,AGE_91,PMI_7.68,TRANSDET_WHOLE_0.49,TRANSDET_CORTEX_0.839,HYBDATE_6.22.2006,BRAINBANK_C""""",""
"GSE15222",NA,"""""GENDER_male,AGE_94,PMI_2,TRANSDET_WHOLE_0.443,TRANSDET_CORTEX_0.764,HYBDATE_6.27.2006,BRAINBANK_Q""""",""
"GSE15222",NA,"""""GENDER_male,AGE_94,PMI_2,TRANSDET_WHOLE_0.454,TRANSDET_CORTEX_0.784,HYBDATE_8.31.2006,BRAINBANK_A""""",""
"GSE15222",NA,"""""GENDER_male,AGE_94,PMI_4.75,TRANSDET_WHOLE_0.449,TRANSDET_CORTEX_0.773,HYBDATE_6.22.2006,BRAINBANK_Q""""",""
"GSE15222",NA,"""""GENDER_male,AGE_96,PMI_5.5,TRANSDET_WHOLE_0.474,TRANSDET_CORTEX_0.817,HYBDATE_6.22.2006,BRAINBANK_C""""",""
"GSE15222",NA,"""""GENDER_male,AGE_96,PMI_6,TRANSDET_WHOLE_0.483,TRANSDET_CORTEX_0.829,HYBDATE_2.22.2006,BRAINBANK_K""""",""
"GSE15222",NA,"""""GENDER_male,AGE_97,PMI_7,TRANSDET_WHOLE_0.475,TRANSDET_CORTEX_0.817,HYBDATE_3.9.2006,BRAINBANK_F""""",""
"GSE15222",NA,"""""tissue","Alzheimer's Disease frozen cortical tissue"""""
"GSE29378",NA,"""""subjectnumber","4147"""" | 1385"""" | 3795"""" | 1761"""" | 704"""" | 1013"""" | 3740"""" | 1716"""" | 4125"""" | 1440"""" | 1388"""" | 1580"""" | 1167"""" | 881"""" | 1294"""" | 1731"""" | 1064"""" | 993"""" | 1720"""" | 962"""" | 588"""" | 4155"""" | 4159"""" | 1376"""" | 862"""" | 1380"""" | 1673"""" | 3777"""" | 827"""" | 926"""" | 4152"""" | 3912"""" | 4098"""""
"GSE33000",NA,"""""tissue","prefrontal cortex brain"""""
"GSE36980",NA,"""""tissue","Frontal cortex"""" | Temporal cortex"""" | Hippocampus"""""
"GSE44770",NA,"""""age","NA"""""
"GSE48350",NA,"""""gender","female"""" | male"""""
"GSE48350",NA,"""""individual","10, C"""" | 105, C"""" | 106, C"""" | 108, C"""" | 109, C"""" | 111, C"""" | 12, AA"""" | 14, C"""" | 15, C"""" | 16-07, C"""" | 17, C"""" | 18, C"""" | 2, C"""" | 21, C"""" | 26, C"""" | 27, C"""" | 28, C"""" | 29, C"""" | 30, C"""" | 34, C"""" | 35, AA"""" | 38, C"""" | 40, C"""" | 40-04, C"""" | 42, C"""" | 45, C"""" | 46, C"""" | 47, C"""" | 52, C"""" | 53, C"""" | 54, C"""" | 59, C"""" | 66, C"""" | 67, C"""" | 68, C"""" | 71, C"""" | 72, C"""" | 73, C"""" | 76, C"""" | 77, C"""" | 78, C"""" | 79, AA"""" | 8, C"""" | 80, AA"""" | 81, AA"""" | 82, AA"""" | 83, C"""" | 84, AA"""" | 85, C"""" | 86, AA"""" | 87, C"""" | 88, AA"""" | 93, C"""" | 94, C"""" | 96, C"""" | 98, C"""" | 63, C"""""
"GSE5281",NA,"""""Sample Amount","10 ug"""" | 10 ng"""""
"GSE5281",NA,"""""sample amount","10 ug"""" | 10 ng"""""
"GSE66351",NA,"""""cell type","Glia"""" | Neuron"""" | bulk"""""
"GSE97760",NA,"""""tissue","whole blood"""""
