Astrocyte,Chandelier,Endothelial,Immune,L2/3 IT,L4 IT,L5 ET,L5 IT,L5/6 NP,L6 CT,L6 IT,L6 IT Car3,L6b,Lamp5,Lamp5 Lhx6,OPC,Oligodendrocyte,Pax6,Pvalb,Sncg,Sst,Sst Chodl,VLMC & Perivascular,Vip,sample_id
0,0.194011421732109,6.34078578150059e-62,0,0,0,0.35756114287424,0,0,0,0,0,0,7.5408351027499e-194,0,0,0,0,0,0,0,0.448427435393651,0,0,GSM3577568
0,0.0851352652899359,6.20676611385628e-63,0,0,0,0.831894270419756,0,0,0,0,0,0,1.47008849810912e-194,0,0,0,0,0,0,0,0.0829704642903081,0,0,GSM3577569
0,0.114100331307657,1.53414102354743e-62,0,0,0,0.670765450239054,0,0,0,0,0,0,4.65852086706031e-194,0,0,0,0,0,0,0,0.215134218453289,0,0,GSM3577570
0,0.101188272074933,1.98098037973057e-62,0,0,0,0.730060745392928,0,0,0,0,0,0,3.40349482889804e-194,0,0,0,0,0,0,0,0.168750982532139,0,0,GSM3577571
0,0.0724406296266618,1.13889988980434e-62,0,0,0,0.814432934322912,0,0,0,0,0,0,2.47893563819392e-194,0,0,0,0,0,0,0,0.113126436050427,0,0,GSM3577572
0,0.380457389447142,2.34384539623135e-62,0,0,0,0.380457389447142,0,0,0,0,0,0,5.14690354740292e-194,0,0,0,0,0,0,0,0.239085221105716,0,0,GSM3577573
0,0.224393886663209,3.94900201019324e-62,0,0,0,0.553451825068916,0,0,0,0,0,0,4.77775598032257e-194,0,0,0,0,0,0,0,0.222154288267875,0,0,GSM3577574
0,0.036392992992487,6.47283874829805e-63,0,0,0,0.903693295978689,0,0,0,0,0,0,1.15355493751239e-194,0,0,0,0,0,0,0,0.0599137110288239,0,0,GSM3577575
0,0.208184265249028,8.81046326143405e-62,0,0,0,0.396758943033119,0,0,0,0,0,0,8.09170512341181e-194,0,0,0,0,0,0,0,0.395056791717854,0,0,GSM3577576
0,0.146630617279902,2.63983938580874e-62,0,0,0,0.547138107787104,0,0,0,0,0,0,5.95496507483042e-194,0,0,0,0,0,0,0,0.306231274932994,0,0,GSM3577577
0,0.119387106999422,1.30046052375098e-62,0,0,0,0.695678203239876,0,0,0,0,0,0,2.51758969799823e-194,0,0,0,0,0,0,0,0.184934689760702,0,0,GSM3577578
0,0.188469344353461,1.65728955654822e-62,0,0,0,0.57376456348757,0,0,0,0,0,0,3.55808060970306e-194,0,0,0,0,0,0,0,0.237766092158969,0,0,GSM3577579
0,0.280633770593013,7.4479160253113e-62,0,0,0,0.389357186968592,0,0,0,0,0,0,7.19017964448552e-194,0,0,0,0,0,0,0,0.330009042438395,0,0,GSM3577580
0,0.247676019849228,5.11061786689338e-62,0,0,0,0.522794525447575,0,0,0,0,0,0,5.85029894016775e-194,0,0,0,0,0,0,0,0.229529454703197,0,0,GSM3577581
0,0.302933410846238,4.66804399786957e-62,0,0,0,0.254241454667868,0,0,0,0,0,0,9.05290797227492e-194,0,0,0,0,0,0,0,0.442825134485895,0,0,GSM3577582
0,0.188477433498818,3.39634163890549e-62,0,0,0,0.585869835462931,0,0,0,0,0,0,5.74522231046761e-194,0,0,0,0,0,0,0,0.225652731038251,0,0,GSM3577583
0,0.15484530714834,3.42690125440506e-62,0,0,0,0.544275183009517,0,0,0,0,0,0,5.48965172010444e-194,0,0,0,0,0,0,0,0.300879509842143,0,0,GSM3577584
0,0.206076567940013,7.80341090931686e-62,0,0,0,0.477808520839047,0,0,0,0,0,0,9.56115350356585e-194,0,0,0,0,0,0,0,0.31611491122094,0,0,GSM3577585
0,0.180623717186883,1.96052256148035e-62,0,0,0,0.437319204263222,0,0,0,0,0,0,5.83931587350063e-194,0,0,0,0,0,0,0,0.382057078549895,0,0,GSM3577586
0,0.378851839856424,1.24803826884148e-61,0,0,0,0.333347430339135,0,0,0,0,0,0,8.10446213711874e-194,0,0,0,0,0,0,0,0.287800729804442,0,0,GSM3577587
0,0.237506960117326,7.53197635648817e-63,0,0,0,0.675523680940997,0,0,0,0,0,0,1.56145432168514e-194,0,0,0,0,0,0,0,0.0869693589416768,0,0,GSM3577588
0,0.160964176173656,3.84125035901853e-62,0,0,0,0.592713851691973,0,0,0,0,0,0,4.51640017563498e-194,0,0,0,0,0,0,0,0.246321972134371,0,0,GSM3577589
0,0.120880005849133,2.22506381373957e-62,0,0,0,0.664581750992446,0,0,0,0,0,0,4.11047670761089e-194,0,0,0,0,0,0,0,0.214538243158422,0,0,GSM3577590
0,0.227092275809248,5.39742598192637e-62,0,0,0,0.467719272669604,0,0,0,0,0,0,6.78721543739984e-194,0,0,0,0,0,0,0,0.305188451521148,0,0,GSM3577591
0,0.238632154431448,9.06686048032383e-62,0,0,0,0.381748563594036,0,0,0,0,0,0,1.09697202985241e-193,0,0,0,0,0,0,0,0.379619281974516,0,0,GSM3577592
0,0.143405246698883,4.10724802922676e-62,0,0,0,0.551460371420129,0,0,0,0,0,0,9.47527333359596e-194,0,0,0,0,0,0,0,0.305134381880989,0,0,GSM3577593
0,0.119331480595427,1.76594106388599e-62,0,0,0,0.649281848228008,0,0,0,0,0,0,6.11971061155475e-194,0,0,0,0,0,0,0,0.231386671176565,0,0,GSM3577594
0,0.201140704720795,2.51020471307063e-62,0,0,0,0.539406162631708,0,0,0,0,0,0,4.13708777126629e-194,0,0,0,0,0,0,0,0.259453132647498,0,0,GSM3577595
0,0.242778168157039,5.54616598367103e-62,0,0,0,0.398716620397041,0,0,0,0,0,0,8.18923412840847e-194,0,0,0,0,0,0,0,0.35850521144592,0,0,GSM3577596
0,0.308953865130742,2.84238256667015e-62,0,0,0,0.323669288837799,0,0,0,0,0,0,5.70374374539671e-194,0,0,0,0,0,0,0,0.367376846031459,0,0,GSM3577597
0,0.340584428187428,5.31092028298503e-62,0,0,0,0.293593468561345,0,0,0,0,0,0,1.46151249365344e-193,0,0,0,0,0,0,0,0.365822103251227,0,0,GSM3577598
0,0.426617931387983,4.51957592959052e-62,0,0,0,0.240322557264691,0,0,0,0,0,0,6.22944477033847e-194,0,0,0,0,0,0,0,0.333059511347326,0,0,GSM3577599
0,0.182386758936408,2.51692486617518e-62,0,0,0,0.524801846257103,0,0,0,0,0,0,4.7693553719338e-194,0,0,0,0,0,0,0,0.292811394806489,0,0,GSM3577600
0,0.0939135724463405,1.7615786337104e-62,0,0,0,0.766727693968689,0,0,0,0,0,0,2.75887570853656e-194,0,0,0,0,0,0,0,0.13935873358497,0,0,GSM3577601
0,0.294253392799059,6.84095439695318e-62,0,0,0,0.353321593100397,0,0,0,0,0,0,9.09919031664892e-194,0,0,0,0,0,0,0,0.352425014100544,0,0,GSM3577602
0,0.245720004510432,6.68181765816374e-62,0,0,0,0.32632884643252,0,0,0,0,0,0,1.13230032282647e-193,0,0,0,0,0,0,0,0.427951149057047,0,0,GSM3577603
0,0.193758057508519,3.89368906732789e-62,0,0,0,0.559212299203623,0,0,0,0,0,0,4.92861779347873e-194,0,0,0,0,0,0,0,0.247029643287858,0,0,GSM3577604
0,0.243630143223892,7.45252495260178e-62,0,0,0,0.316980112471685,0,0,0,0,0,0,1.34500683883668e-193,0,0,0,0,0,0,0,0.439389744304423,0,0,GSM3577605
0,0.221692060391188,3.83812620574857e-62,0,0,0,0.512603448347625,0,0,0,0,0,0,6.51626129896007e-194,0,0,0,0,0,0,0,0.265704491261187,0,0,GSM3577606
0,0.0994067292386901,1.86877056892036e-62,0,0,0,0.72404272662931,0,0,0,0,0,0,3.60804361088301e-194,0,0,0,0,0,0,0,0.176550544131999,0,0,GSM3577607
0,0.57162389163793,1.82272708989372e-62,0,0,0,0.248033467843501,0,0,0,0,0,0,4.29733411598392e-194,0,0,0,0,0,0,0,0.180342640518569,0,0,GSM3577608
0,0.176923446137929,4.15841558276317e-62,0,0,0,0.552602444939165,0,0,0,0,0,0,7.928772601206e-194,0,0,0,0,0,0,0,0.270474108922906,0,0,GSM3577609
0,0.204503908437803,4.99324402030581e-62,0,0,0,0.551545198780549,0,0,0,0,0,0,6.0207070966599e-194,0,0,0,0,0,0,0,0.243950892781648,0,0,GSM3577610
0,0.236763039282466,3.47275937305701e-62,0,0,0,0.315408233226844,0,0,0,0,0,0,8.2050721512722e-194,0,0,0,0,0,0,0,0.44782872749069,0,0,GSM3577611
0,0.125136868234884,1.99929731856523e-62,0,0,0,0.663851209269158,0,0,0,0,0,0,4.62399400055503e-194,0,0,0,0,0,0,0,0.211011922495958,0,0,GSM3577612
0,0.227203850352351,6.10359241323479e-62,0,0,0,0.475815400524576,0,0,0,0,0,0,6.20119210840853e-194,0,0,0,0,0,0,0,0.296980749123073,0,0,GSM3577613
0,0.277828740445866,8.2715186837166e-62,0,0,0,0.317315463910747,0,0,0,0,0,0,9.4548631789518e-194,0,0,0,0,0,0,0,0.404855795643387,0,0,GSM3577614
0,0.176255377936167,1.98950242787756e-62,0,0,0,0.607530541681884,0,0,0,0,0,0,3.81900429224823e-194,0,0,0,0,0,0,0,0.216214080381949,0,0,GSM3577615
0,0.119799595764432,1.7091965164141e-62,0,0,0,0.713009994638881,0,0,0,0,0,0,3.95936606226856e-194,0,0,0,0,0,0,0,0.167190409596687,0,0,GSM3577616
0,0.287898303896385,1.79913551863211e-62,0,0,0,0.487845163931625,0,0,0,0,0,0,5.00310319420147e-194,0,0,0,0,0,0,0,0.22425653217199,0,0,GSM3577617
0,0.190459629057842,5.09873714140423e-62,0,0,0,0.423474007728413,0,0,0,0,0,0,7.91250016491977e-194,0,0,0,0,0,0,0,0.386066363213745,0,0,GSM3577618
0,0.176210162393259,5.30554420203807e-62,0,0,0,0.436975921627987,0,0,0,0,0,0,9.27040303708689e-194,0,0,0,0,0,0,0,0.386813915978754,0,0,GSM3577619
0,0.212325939228936,4.13366218424126e-62,0,0,0,0.534634232623016,0,0,0,0,0,0,4.97350455949872e-194,0,0,0,0,0,0,0,0.253039828148049,0,0,GSM3577620
0,0.105242959403608,2.20599261772689e-62,0,0,0,0.747547480578808,0,0,0,0,0,0,3.67926529664235e-194,0,0,0,0,0,0,0,0.147209560017585,0,0,GSM3577621
0,0.379849949406867,8.2987086159611e-62,0,0,0,0.284764071471016,0,0,0,0,0,0,9.13396661933436e-194,0,0,0,0,0,0,0,0.335385979122118,0,0,GSM3577622
0,0.162089159032097,2.80861209623474e-62,0,0,0,0.57273784918189,0,0,0,0,0,0,4.82370039057534e-194,0,0,0,0,0,0,0,0.265172991786013,0,0,GSM3577623
0,0.263681825809276,1.05938446512707e-61,0,0,0,0.358718073243611,0,0,0,0,0,0,1.02487840678022e-193,0,0,0,0,0,0,0,0.377600100947112,0,0,GSM3577624
0,0.34465371082733,1.66355683851187e-62,0,0,0,0.440312540879971,0,0,0,0,0,0,3.77880899573236e-194,0,0,0,0,0,0,0,0.215033748292699,0,0,GSM3577625
0,0.242875649008525,5.00405527780504e-62,0,0,0,0.512929399251629,0,0,0,0,0,0,6.82046017546658e-194,0,0,0,0,0,0,0,0.244194951739846,0,0,GSM3577626
0,0.249277299507666,8.89020726221191e-62,0,0,0,0.384391106590842,0,0,0,0,0,0,1.37008451221485e-193,0,0,0,0,0,0,0,0.366331593901492,0,0,GSM3577627
0,0.250377643476582,7.24260299554283e-62,0,0,0,0.46173884153301,0,0,0,0,0,0,8.28400015459738e-194,0,0,0,0,0,0,0,0.287883514990407,0,0,GSM3577628
0,0.254159312832599,9.60470015965094e-62,0,0,0,0.38383033421001,0,0,0,0,0,0,9.43638362496531e-194,0,0,0,0,0,0,0,0.362010352957391,0,0,GSM3577629
0,0.0826535721813927,1.05891123784776e-62,0,0,0,0.79234625516929,0,0,0,0,0,0,2.69067566999353e-194,0,0,0,0,0,0,0,0.125000172649318,0,0,GSM3577630
0,0.103507005457816,1.25965977450762e-62,0,0,0,0.723131071391664,0,0,0,0,0,0,2.60038104035842e-194,0,0,0,0,0,0,0,0.17336192315052,0,0,GSM3577631
0,0.265282941011218,6.28507036997582e-62,0,0,0,0.365451717337945,0,0,0,0,0,0,8.10888155654295e-194,0,0,0,0,0,0,0,0.369265341650837,0,0,GSM3577632
0,0.0831055585607254,1.0630539398764e-62,0,0,0,0.762362653009215,0,0,0,0,0,0,1.87555401770001e-194,0,0,0,0,0,0,0,0.15453178843006,0,0,GSM3577633
0,0.209212019296393,8.17957649716495e-62,0,0,0,0.515244988605369,0,0,0,0,0,0,7.38312386284078e-194,0,0,0,0,0,0,0,0.275542992098238,0,0,GSM3577634
0,0.26282134205995,8.3128288140088e-62,0,0,0,0.500550946858127,0,0,0,0,0,0,6.64856116855836e-194,0,0,0,0,0,0,0,0.236627711081923,0,0,GSM3577635
0,0.339403519840925,1.97040444380897e-62,0,0,0,0.397924980308916,0,0,0,0,0,0,4.33225944341016e-194,0,0,0,0,0,0,0,0.262671499850159,0,0,GSM3577636
0,0.143624386729783,3.03506951684915e-62,0,0,0,0.472909177108975,0,0,0,0,0,0,5.582392043693e-194,0,0,0,0,0,0,0,0.383466436161242,0,0,GSM3577637
0,0.118992834175605,1.60332901809567e-62,0,0,0,0.630815405663806,0,0,0,0,0,0,3.54170118978984e-194,0,0,0,0,0,0,0,0.250191760160588,0,0,GSM3577638
0,0.245838790436517,1.94412445005867e-62,0,0,0,0.507278795759958,0,0,0,0,0,0,5.19181677548575e-194,0,0,0,0,0,0,0,0.246882413803525,0,0,GSM3577639
0,0.193932047903699,3.98844282657336e-62,0,0,0,0.492259708200978,0,0,0,0,0,0,6.65736602410585e-194,0,0,0,0,0,0,0,0.313808243895323,0,0,GSM3577640
0,0.268191179469142,5.91782271289353e-62,0,0,0,0.377736130140418,0,0,0,0,0,0,8.63430560330766e-194,0,0,0,0,0,0,0,0.354072690390439,0,0,GSM3577641
0,0.24624631602603,1.5643258778796e-61,0,0,0,0.410490907034643,0,0,0,0,0,0,8.86485870532131e-194,0,0,0,0,0,0,0,0.343262776939327,0,0,GSM3577642
0,0.0718631203246549,1.34657163461243e-62,0,0,0,0.78173310982911,0,0,0,0,0,0,2.79317545069872e-194,0,0,0,0,0,0,0,0.146403769846235,0,0,GSM3577643
0,0.266586073161499,2.90305108867842e-62,0,0,0,0.562793075280962,0,0,0,0,0,0,3.88605137933647e-194,0,0,0,0,0,0,0,0.170620851557539,0,0,GSM3577644
0,0.0524661514794522,9.11522320190935e-63,0,0,0,0.845345785460701,0,0,0,0,0,0,2.18229854943927e-194,0,0,0,0,0,0,0,0.102188063059847,0,0,GSM3577645
0,0.123627718955093,8.47422871196929e-63,0,0,0,0.754287495873352,0,0,0,0,0,0,2.12945530231852e-194,0,0,0,0,0,0,0,0.122084785171555,0,0,GSM3577646
0,0.148058356199972,2.48568908549017e-62,0,0,0,0.706937543928896,0,0,0,0,0,0,3.1770553592391e-194,0,0,0,0,0,0,0,0.145004099871132,0,0,GSM3577647
0,0.238943954947362,6.10446875349942e-62,0,0,0,0.425442694865166,0,0,0,0,0,0,1.1042100626929e-193,0,0,0,0,0,0,0,0.335613350187472,0,0,GSM3577648
0,0.25757036900884,2.16330091108272e-62,0,0,0,0.523428030904685,0,0,0,0,0,0,5.13620473758128e-194,0,0,0,0,0,0,0,0.219001600086475,0,0,GSM3577649
0,0.1767346030337,2.38235459604547e-62,0,0,0,0.633191929560041,0,0,0,0,0,0,4.51446790107631e-194,0,0,0,0,0,0,0,0.190073467406259,0,0,GSM3577650
0,0.20872288652881,5.86930997945321e-62,0,0,0,0.477869919763627,0,0,0,0,0,0,8.89474059995613e-194,0,0,0,0,0,0,0,0.313407193707563,0,0,GSM3577651
0,0.202357800942585,5.47077024251518e-62,0,0,0,0.460691976262792,0,0,0,0,0,0,7.09660707562864e-194,0,0,0,0,0,0,0,0.336950222794622,0,0,GSM3577652
0,0.13164694874219,3.00590560473318e-62,0,0,0,0.606347695499176,0,0,0,0,0,0,4.31818981424838e-194,0,0,0,0,0,0,0,0.262005355758634,0,0,GSM3577653
0,0.15289302265324,2.23280335496497e-62,0,0,0,0.566695363647992,0,0,0,0,0,0,4.37745826447602e-194,0,0,0,0,0,0,0,0.280411613698768,0,0,GSM3577654
0,0.159256596340282,4.88433592877851e-62,0,0,0,0.516634079377879,0,0,0,0,0,0,6.18998469938264e-194,0,0,0,0,0,0,0,0.32410932428184,0,0,GSM3577655
0,0.26120326953166,4.58012776557425e-62,0,0,0,0.274853060545214,0,0,0,0,0,0,8.71374505176815e-194,0,0,0,0,0,0,0,0.463943669923126,0,0,GSM3577656
0,0.185454044456168,2.92237133324835e-62,0,0,0,0.561229527902508,0,0,0,0,0,0,4.22345435555394e-194,0,0,0,0,0,0,0,0.253316427641324,0,0,GSM3577657
0,0.0543416980334132,6.34300196631588e-63,0,0,0,0.859347629071031,0,0,0,0,0,0,1.53861900496935e-194,0,0,0,0,0,0,0,0.0863106728955561,0,0,GSM3577658
0,0.271764026716191,5.1023041890058e-62,0,0,0,0.386326090732214,0,0,0,0,0,0,6.23219464403611e-194,0,0,0,0,0,0,0,0.341909882551595,0,0,GSM3577659
0,0.260525594067666,3.11922469389319e-62,0,0,0,0.379385451028807,0,0,0,0,0,0,7.21996830607915e-194,0,0,0,0,0,0,0,0.360088954903527,0,0,GSM3577660
0,0.160962026308447,3.07521031107936e-62,0,0,0,0.592010652232973,0,0,0,0,0,0,5.63724732540843e-194,0,0,0,0,0,0,0,0.24702732145858,0,0,GSM3577661
0,0.199096303324973,3.26937467085849e-62,0,0,0,0.469403536792902,0,0,0,0,0,0,6.80429083163162e-194,0,0,0,0,0,0,0,0.331500159882125,0,0,GSM3577662
0,0.286529059971197,7.29577630244778e-62,0,0,0,0.303012768858563,0,0,0,0,0,0,1.03364437973133e-193,0,0,0,0,0,0,0,0.410458171170241,0,0,GSM3577663
0,0.301048357593798,9.74560490511807e-62,0,0,0,0.398371408329697,0,0,0,0,0,0,8.59827476860966e-194,0,0,0,0,0,0,0,0.300580234076505,0,0,GSM3577664
0,0.0927992481364497,9.76312711054281e-63,0,0,0,0.787995870455581,0,0,0,0,0,0,2.28070739707975e-194,0,0,0,0,0,0,0,0.119204881407969,0,0,GSM3577665
0,0.244957785096308,6.78555227909228e-62,0,0,0,0.327054381223075,0,0,0,0,0,0,1.02344750958402e-193,0,0,0,0,0,0,0,0.427987833680617,0,0,GSM3577666
0,0.112438983497559,1.09992890813401e-62,0,0,0,0.674597562485779,0,0,0,0,0,0,3.12327398211584e-194,0,0,0,0,0,0,0,0.212963454016661,0,0,GSM3577667
0,0.3982107019464,6.08095622016188e-62,0,0,0,0.311420903098458,0,0,0,0,0,0,5.78954457971858e-194,0,0,0,0,0,0,0,0.290368394955142,0,0,GSM3577668
0,0.219669285521389,3.96138022468267e-62,0,0,0,0.462712044322667,0,0,0,0,0,0,7.20824155415488e-194,0,0,0,0,0,0,0,0.317618670155944,0,0,GSM3577669
0,0.168034655464187,2.6036395854718e-62,0,0,0,0.573591744694579,0,0,0,0,0,0,6.22992987631372e-194,0,0,0,0,0,0,0,0.258373599841234,0,0,GSM3577670
0,0.0695857284064769,1.20636365437049e-62,0,0,0,0.821831745998678,0,0,0,0,0,0,2.39776614667196e-194,0,0,0,0,0,0,0,0.108582525594845,0,0,GSM3577671
0,0.226028179409844,7.7702862396449e-62,0,0,0,0.416905813468368,0,0,0,0,0,0,9.72897961614984e-194,0,0,0,0,0,0,0,0.357066007121788,0,0,GSM3577672
0,0.110442212251549,1.4491805413934e-62,0,0,0,0.714436221600727,0,0,0,0,0,0,3.79028632579137e-194,0,0,0,0,0,0,0,0.175121566147724,0,0,GSM3577673
0,0.199357418854167,2.80981834242304e-62,0,0,0,0.45779961601961,0,0,0,0,0,0,8.32951267320464e-194,0,0,0,0,0,0,0,0.342842965126223,0,0,GSM3577674
0,0.0420287482667962,5.47472200112369e-63,0,0,0,0.861347039666543,0,0,0,0,0,0,1.37235838880165e-194,0,0,0,0,0,0,0,0.0966242120666613,0,0,GSM3577675
0,0.257873794439881,4.67373784796384e-62,0,0,0,0.42467452700993,0,0,0,0,0,0,6.08625795799214e-194,0,0,0,0,0,0,0,0.317451678550189,0,0,GSM3577676
0,0.195784851852793,5.58954015197073e-62,0,0,0,0.456301139086729,0,0,0,0,0,0,6.68093131779062e-194,0,0,0,0,0,0,0,0.347914009060479,0,0,GSM3577677
0,0.315884758172596,1.29232395307171e-61,0,0,0,0.322278430406755,0,0,0,0,0,0,1.04592433519339e-193,0,0,0,0,0,0,0,0.361836811420649,0,0,GSM3577678
0,0.2147663950769,5.18890218234507e-62,0,0,0,0.375373987189362,0,0,0,0,0,0,9.16167287624485e-194,0,0,0,0,0,0,0,0.409859617733738,0,0,GSM3577679
0,0.208137191249331,5.80687801989451e-62,0,0,0,0.427896541774211,0,0,0,0,0,0,7.85055975268416e-194,0,0,0,0,0,0,0,0.363966266976458,0,0,GSM3577680
0,0.179806466818722,3.37991292488049e-62,0,0,0,0.540765488868507,0,0,0,0,0,0,6.47765614217483e-194,0,0,0,0,0,0,0,0.279428044312772,0,0,GSM3577681
0,0.159899436599733,2.46283490839264e-62,0,0,0,0.62495323840069,0,0,0,0,0,0,4.14418280258907e-194,0,0,0,0,0,0,0,0.215147324999578,0,0,GSM3577682
0,0.21000093408844,3.44075219349512e-62,0,0,0,0.515020423583311,0,0,0,0,0,0,6.13548233103442e-194,0,0,0,0,0,0,0,0.27497864232825,0,0,GSM3577683
0,0.247458951245174,6.47492529255775e-62,0,0,0,0.347377084061072,0,0,0,0,0,0,8.59005572995427e-194,0,0,0,0,0,0,0,0.405163964693753,0,0,GSM3577684
0,0.281294708520778,7.73744521292565e-62,0,0,0,0.420913038617188,0,0,0,0,0,0,7.3067271833412e-194,0,0,0,0,0,0,0,0.297792252862034,0,0,GSM3577685
0,0.285431499668234,7.62433485971629e-62,0,0,0,0.393075371467455,0,0,0,0,0,0,7.4825426864434e-194,0,0,0,0,0,0,0,0.321493128864311,0,0,GSM3577686
0,0.120486087257801,2.04648616564924e-62,0,0,0,0.692929669650954,0,0,0,0,0,0,4.99652447782547e-194,0,0,0,0,0,0,0,0.186584243091244,0,0,GSM3577687
0,0.165792436836567,3.36133747902066e-62,0,0,0,0.520097974549065,0,0,0,0,0,0,6.22459051440303e-194,0,0,0,0,0,0,0,0.314109588614368,0,0,GSM3577688
0,0.221294670095634,2.27665289597222e-62,0,0,0,0.508355729678502,0,0,0,0,0,0,4.30096385229601e-194,0,0,0,0,0,0,0,0.270349600225864,0,0,GSM3577689
0,0.211176982550088,4.67781747034829e-62,0,0,0,0.48612557048701,0,0,0,0,0,0,7.053456940263e-194,0,0,0,0,0,0,0,0.302697446962902,0,0,GSM3577690
0,0.276018007572079,1.29467256903738e-61,0,0,0,0.42045920467303,0,0,0,0,0,0,8.03274313319985e-194,0,0,0,0,0,0,0,0.303522787754891,0,0,GSM3577691
0,0.270677197681722,7.41878442217609e-62,0,0,0,0.395273496433753,0,0,0,0,0,0,9.92531797769763e-194,0,0,0,0,0,0,0,0.334049305884525,0,0,GSM3577692
0,0.135422088031938,2.2178334960067e-62,0,0,0,0.661328011821366,0,0,0,0,0,0,3.72870736895825e-194,0,0,0,0,0,0,0,0.203249900146696,0,0,GSM3577693
0,0.308911620372189,5.09286174103432e-62,0,0,0,0.263275176239839,0,0,0,0,0,0,8.26868181331914e-194,0,0,0,0,0,0,0,0.427813203387973,0,0,GSM3577694
0,0.290332932177221,4.27892207075046e-62,0,0,0,0.369006704773778,0,0,0,0,0,0,8.87872263224559e-194,0,0,0,0,0,0,0,0.340660363049,0,0,GSM3577695
0,0.235249424364515,5.04117387309495e-62,0,0,0,0.393289108598659,0,0,0,0,0,0,8.04127431680625e-194,0,0,0,0,0,0,0,0.371461467036825,0,0,GSM3577696
0,0.217798590177109,2.50918740548349e-62,0,0,0,0.522494965833761,0,0,0,0,0,0,7.62156160739601e-194,0,0,0,0,0,0,0,0.25970644398913,0,0,GSM3577697
0,0.188224095360359,2.39607977043211e-62,0,0,0,0.651881736005132,0,0,0,0,0,0,3.51136272570275e-194,0,0,0,0,0,0,0,0.159894168634509,0,0,GSM3577698
0,0.244788543507195,4.18077550349228e-62,0,0,0,0.459790406565328,0,0,0,0,0,0,6.1811278636653e-194,0,0,0,0,0,0,0,0.295421049927477,0,0,GSM3577699
0,0.204152166312057,8.67242377272159e-62,0,0,0,0.471416249378758,0,0,0,0,0,0,8.44244814721569e-194,0,0,0,0,0,0,0,0.324431584309184,0,0,GSM3577700
0,0.264442778509407,5.85056775229421e-62,0,0,0,0.362865589686563,0,0,0,0,0,0,7.97981086218922e-194,0,0,0,0,0,0,0,0.37269163180403,0,0,GSM3577701
0,0.334667081552125,3.22086205675021e-62,0,0,0,0.271196723751746,0,0,0,0,0,0,6.63672400199878e-194,0,0,0,0,0,0,0,0.394136194696129,0,0,GSM3577702
0,0.283367033257074,4.21173211860338e-62,0,0,0,0.44727867923964,0,0,0,0,0,0,6.22522964941411e-194,0,0,0,0,0,0,0,0.269354287503286,0,0,GSM3577703
0,0.242605328116595,7.58011547635033e-62,0,0,0,0.341614311583959,0,0,0,0,0,0,9.98309263047918e-194,0,0,0,0,0,0,0,0.415780360299446,0,0,GSM3577704
0,0.174299142859507,3.02992717241159e-62,0,0,0,0.57385556852799,0,0,0,0,0,0,5.7142307772106e-194,0,0,0,0,0,0,0,0.251845288612503,0,0,GSM3577705
0,0.195081273532037,5.46176056891137e-62,0,0,0,0.487588361734853,0,0,0,0,0,0,7.30961020102232e-194,0,0,0,0,0,0,0,0.317330364733111,0,0,GSM3577706
0,0.141998854271547,2.1902079862953e-62,0,0,0,0.605657844809914,0,0,0,0,0,0,4.19467844202058e-194,0,0,0,0,0,0,0,0.252343300918539,0,0,GSM3577707
0,0.157138224504514,5.34927986987591e-62,0,0,0,0.574666491983672,0,0,0,0,0,0,6.53901932618235e-194,0,0,0,0,0,0,0,0.268195283511814,0,0,GSM3577708
0,0.19698310549668,6.73239787090086e-62,0,0,0,0.516454569761453,0,0,0,0,0,0,6.07514112605331e-194,0,0,0,0,0,0,0,0.286562324741868,0,0,GSM3577709
0,0.399454510897594,7.76737160868019e-62,0,0,0,0.300536438528029,0,0,0,0,0,0,7.9933535474326e-194,0,0,0,0,0,0,0,0.300009050574378,0,0,GSM3577710
0,0.371306515404397,3.9855397882109e-62,0,0,0,0.312463520247047,0,0,0,0,0,0,6.93199768231564e-194,0,0,0,0,0,0,0,0.316229964348556,0,0,GSM3577711
0,0.176538543573172,3.52801363725649e-62,0,0,0,0.5635266109255,0,0,0,0,0,0,6.22910202880477e-194,0,0,0,0,0,0,0,0.259934845501328,0,0,GSM3577712
0,0.44701248064936,2.33402504764548e-62,0,0,0,0.408145096560302,0,0,0,0,0,0,3.48328467630729e-194,0,0,0,0,0,0,0,0.144842422790338,0,0,GSM3577713
0,0.208241368183334,1.06241905895852e-61,0,0,0,0.497128156082126,0,0,0,0,0,0,7.14781406631428e-194,0,0,0,0,0,0,0,0.294630475734541,0,0,GSM3577714
0,0.224035457341801,5.89183702913639e-62,0,0,0,0.487962928402992,0,0,0,0,0,0,7.72499352045201e-194,0,0,0,0,0,0,0,0.288001614255207,0,0,GSM3577715
0,0.253458752151665,9.80106905675503e-62,0,0,0,0.430091315136308,0,0,0,0,0,0,9.02036009043232e-194,0,0,0,0,0,0,0,0.316449932712027,0,0,GSM3577716
0,0.300266875675877,9.90581762661107e-62,0,0,0,0.342677258166219,0,0,0,0,0,0,1.26335756686178e-193,0,0,0,0,0,0,0,0.357055866157904,0,0,GSM3577717
0,0.227422007032005,9.54546329478364e-62,0,0,0,0.517294735008209,0,0,0,0,0,0,7.19777457849293e-194,0,0,0,0,0,0,0,0.255283257959786,0,0,GSM3577718
0,0.187382156590548,2.49426987954331e-62,0,0,0,0.501063891478789,0,0,0,0,0,0,5.63489806172958e-194,0,0,0,0,0,0,0,0.311553951930663,0,0,GSM3577719
0,0.21855457550336,5.51479894921005e-62,0,0,0,0.460110125419781,0,0,0,0,0,0,8.75153279048831e-194,0,0,0,0,0,0,0,0.32133529907686,0,0,GSM3577720
0,0.309454487530246,3.90228784440999e-62,0,0,0,0.350329360412378,0,0,0,0,0,0,8.03673668301097e-194,0,0,0,0,0,0,0,0.340216152057376,0,0,GSM3577721
0,0.201257590674152,3.02312320114925e-62,0,0,0,0.517019472435591,0,0,0,0,0,0,6.17882304159881e-194,0,0,0,0,0,0,0,0.281722936890257,0,0,GSM3577722
0,0.239314650201408,3.52081549498181e-62,0,0,0,0.418379820512043,0,0,0,0,0,0,6.65274022486143e-194,0,0,0,0,0,0,0,0.342305529286549,0,0,GSM3577723
0,0.159484988100114,2.19695832981181e-62,0,0,0,0.446138027265075,0,0,0,0,0,0,5.26953838175854e-194,0,0,0,0,0,0,0,0.394376984634812,0,0,GSM3577724
0,0.163353552315691,3.71128134326737e-62,0,0,0,0.554556402911584,0,0,0,0,0,0,6.00610163651607e-194,0,0,0,0,0,0,0,0.282090044772725,0,0,GSM3577725
0,0.0981090454769422,9.73570767321747e-63,0,0,0,0.783386863228974,0,0,0,0,0,0,2.24715574311205e-194,0,0,0,0,0,0,0,0.118504091294084,0,0,GSM3577726
0,0.243970125285032,1.53752621165002e-62,0,0,0,0.588339186454476,0,0,0,0,0,0,4.27608517554496e-194,0,0,0,0,0,0,0,0.167690688260492,0,0,GSM3577727
0,0.283527997831181,2.64606083822718e-62,0,0,0,0.444334815047861,0,0,0,0,0,0,6.59477860788761e-194,0,0,0,0,0,0,0,0.272137187120959,0,0,GSM3577728
0,0.195189841268597,3.21457085260698e-62,0,0,0,0.55445232024074,0,0,0,0,0,0,6.6584552063502e-194,0,0,0,0,0,0,0,0.250357838490663,0,0,GSM3577729
0,0.306695129273501,6.03921076596886e-62,0,0,0,0.297026496119632,0,0,0,0,0,0,9.52614564923886e-194,0,0,0,0,0,0,0,0.396278374606867,0,0,GSM3577730
0,0.0546395291732632,1.05940686400473e-62,0,0,0,0.8535301987664,0,0,0,0,0,0,2.34696601700305e-194,0,0,0,0,0,0,0,0.0918302720603364,0,0,GSM3577731
0,0.0900693876383227,1.09850853265105e-62,0,0,0,0.766818612258421,0,0,0,0,0,0,2.48623778615777e-194,0,0,0,0,0,0,0,0.143112000103256,0,0,GSM3577732
0,0.261072569564428,2.39106167866946e-62,0,0,0,0.523041400387837,0,0,0,0,0,0,4.55146986258149e-194,0,0,0,0,0,0,0,0.215886030047735,0,0,GSM3577733
0,0.103780919489819,1.06510930353501e-62,0,0,0,0.76798951418999,0,0,0,0,0,0,2.13844301744055e-194,0,0,0,0,0,0,0,0.128229566320191,0,0,GSM3577734
0,0.301386449199857,6.33129663775699e-62,0,0,0,0.32338202614075,0,0,0,0,0,0,9.48286133403208e-194,0,0,0,0,0,0,0,0.375231524659393,0,0,GSM3577735
0,0.118601348814874,1.81222050306347e-62,0,0,0,0.741339122631692,0,0,0,0,0,0,3.00583686099095e-194,0,0,0,0,0,0,0,0.140059528553433,0,0,GSM3577736
0,0.170948613535735,2.66114231754006e-62,0,0,0,0.588813012923328,0,0,0,0,0,0,8.40939478794747e-194,0,0,0,0,0,0,0,0.240238373540936,0,0,GSM3577737
0,0.234654977207973,5.73805239117712e-62,0,0,0,0.44451886468363,0,0,0,0,0,0,7.17751743978005e-194,0,0,0,0,0,0,0,0.320826158108397,0,0,GSM3577738
0,0.222797552994254,1.44832306331616e-61,0,0,0,0.452934474870157,0,0,0,0,0,0,9.49932562136876e-194,0,0,0,0,0,0,0,0.32426797213559,0,0,GSM3577739
0,0.20480182231428,4.53586828474448e-62,0,0,0,0.53563586348315,0,0,0,0,0,0,4.71171643747903e-194,0,0,0,0,0,0,0,0.25956231420257,0,0,GSM3577740
0,0.218060330554022,8.93504366739098e-62,0,0,0,0.428446054756134,0,0,0,0,0,0,8.47556798707187e-194,0,0,0,0,0,0,0,0.353493614689845,0,0,GSM3577741
0,0.270081860677033,6.94043503312503e-62,0,0,0,0.400510480418798,0,0,0,0,0,0,8.14859687980475e-194,0,0,0,0,0,0,0,0.329407658904168,0,0,GSM3577742
0,0.3552588057764,8.41620037025683e-62,0,0,0,0.203678819842168,0,0,0,0,0,0,9.52951964418637e-194,0,0,0,0,0,0,0,0.441062374381432,0,0,GSM3577743
0,0.224913452882694,7.96049813561046e-62,0,0,0,0.43667944171941,0,0,0,0,0,0,7.82677819701049e-194,0,0,0,0,0,0,0,0.338407105397896,0,0,GSM3577744
0,0.271826469525631,1.04141309402437e-61,0,0,0,0.407575215670606,0,0,0,0,0,0,8.28579676979816e-194,0,0,0,0,0,0,0,0.320598314803764,0,0,GSM3577745
0,0.179022636734246,2.74938289277144e-62,0,0,0,0.554497567511634,0,0,0,0,0,0,6.33263009500641e-194,0,0,0,0,0,0,0,0.26647979575412,0,0,GSM3577746
0,0.0973902387728235,1.76717258170771e-62,0,0,0,0.706700750826222,0,0,0,0,0,0,3.62573675746773e-194,0,0,0,0,0,0,0,0.195909010400955,0,0,GSM3577747
0,0.176784468509753,5.07694190944691e-62,0,0,0,0.507431861180808,0,0,0,0,0,0,7.10899658280979e-194,0,0,0,0,0,0,0,0.315783670309439,0,0,GSM3577748
0,0.340291827374527,9.13701500514631e-62,0,0,0,0.340291827374527,0,0,0,0,0,0,7.78499135317846e-194,0,0,0,0,0,0,0,0.319416345250946,0,0,GSM3577749
0,0.163136790077549,3.77094669988427e-62,0,0,0,0.508384941142954,0,0,0,0,0,0,5.24651112087196e-194,0,0,0,0,0,0,0,0.328478268779497,0,0,GSM3577750
0,0.2252420339396,5.05835022276366e-62,0,0,0,0.524023145464375,0,0,0,0,0,0,6.47555405319639e-194,0,0,0,0,0,0,0,0.250734820596026,0,0,GSM3577751
0,0.306962975866326,1.28952088055359e-61,0,0,0,0.327678792187274,0,0,0,0,0,0,9.80824102036652e-194,0,0,0,0,0,0,0,0.3653582319464,0,0,GSM3577752
0,0.329635859802764,6.4370517921474e-62,0,0,0,0.26439803875021,0,0,0,0,0,0,1.02766218293003e-193,0,0,0,0,0,0,0,0.405966101447026,0,0,GSM3577753
0,0.236067840699938,4.26638398807171e-62,0,0,0,0.485277806598517,0,0,0,0,0,0,6.51033667861461e-194,0,0,0,0,0,0,0,0.278654352701545,0,0,GSM3577754
0,0.29282816222901,1.13186754969353e-61,0,0,0,0.378413540876149,0,0,0,0,0,0,8.000064273463e-194,0,0,0,0,0,0,0,0.328758296894841,0,0,GSM3577755
0,0.0808066535950948,1.23648931392131e-62,0,0,0,0.775949566739685,0,0,0,0,0,0,2.6842192825139e-194,0,0,0,0,0,0,0,0.14324377966522,0,0,GSM3577756
0,0.123515489765006,2.8838550541643e-62,0,0,0,0.629354674022646,0,0,0,0,0,0,7.35403713320196e-194,0,0,0,0,0,0,0,0.247129836212348,0,0,GSM3577757
0,0.246189312251829,1.21989533607026e-61,0,0,0,0.450977328992941,0,0,0,0,0,0,7.90396234413025e-194,0,0,0,0,0,0,0,0.30283335875523,0,0,GSM3577758
0,0.233013279681121,7.34843909220764e-62,0,0,0,0.396966502649152,0,0,0,0,0,0,8.4732724301019e-194,0,0,0,0,0,0,0,0.370020217669727,0,0,GSM3577759
0,0.288652333393374,9.56290090210823e-62,0,0,0,0.379060259014308,0,0,0,0,0,0,9.0219553299639e-194,0,0,0,0,0,0,0,0.332287407592318,0,0,GSM3577760
0,0.461392472894792,4.78191845823537e-62,0,0,0,0.279478145341109,0,0,0,0,0,0,7.32608916101209e-194,0,0,0,0,0,0,0,0.259129381764099,0,0,GSM3577761
0,0.131123606528936,2.71450847709695e-62,0,0,0,0.589087566952141,0,0,0,0,0,0,4.12974442752853e-194,0,0,0,0,0,0,0,0.279788826518923,0,0,GSM3577762
0,0.394723617389372,6.79506382666005e-62,0,0,0,0.287455368725204,0,0,0,0,0,0,6.9435015725248e-194,0,0,0,0,0,0,0,0.317821013885423,0,0,GSM3577763
0,0.285294467845728,6.93203578717917e-62,0,0,0,0.347988531831847,0,0,0,0,0,0,7.09209326117035e-194,0,0,0,0,0,0,0,0.366717000322425,0,0,GSM3577764
0,0.125209365582832,4.5000541405136e-62,0,0,0,0.67036225089452,0,0,0,0,0,0,4.86663708121165e-194,0,0,0,0,0,0,0,0.204428383522648,0,0,GSM3577765
0,0.168468880979599,2.05924570179535e-62,0,0,0,0.615059320315046,0,0,0,0,0,0,5.59683451122033e-194,0,0,0,0,0,0,0,0.216471798705354,0,0,GSM3577766
0,0.269506874598679,5.11409306975701e-62,0,0,0,0.335211362827997,0,0,0,0,0,0,9.18993972836389e-194,0,0,0,0,0,0,0,0.395281762573324,0,0,GSM3577767
0,0.199828128148005,1.41930208658256e-62,0,0,0,0.624716309380479,0,0,0,0,0,0,2.72495794157141e-194,0,0,0,0,0,0,0,0.175455562471516,0,0,GSM3577768
0,0.211899242706907,2.9994880118283e-62,0,0,0,0.39899799580726,0,0,0,0,0,0,7.52416838633997e-194,0,0,0,0,0,0,0,0.389102761485833,0,0,GSM3577769
0,0.155591467907942,1.89363276145621e-62,0,0,0,0.673078637212779,0,0,0,0,0,0,3.26403460167398e-194,0,0,0,0,0,0,0,0.171329894879279,0,0,GSM3577770
0,0.534022343503581,1.71981099784035e-62,0,0,0,0.16547172365274,0,0,0,0,0,0,5.94830954571389e-194,0,0,0,0,0,0,0,0.30050593284368,0,0,GSM3577771
0,0.170364362759568,2.11329105878637e-62,0,0,0,0.57491900935866,0,0,0,0,0,0,5.25237902018111e-194,0,0,0,0,0,0,0,0.254716627881772,0,0,GSM3577772
0,0.251027146767112,5.82221260563758e-62,0,0,0,0.327301507933941,0,0,0,0,0,0,8.5447463938977e-194,0,0,0,0,0,0,0,0.421671345298947,0,0,GSM3577773
0,0.168253709546008,1.283890063984e-62,0,0,0,0.681316373594971,0,0,0,0,0,0,3.11889291840144e-194,0,0,0,0,0,0,0,0.150429916859021,0,0,GSM3577774
0,0.27160310571042,8.32057868872758e-62,0,0,0,0.35683629409411,0,0,0,0,0,0,8.53755553854826e-194,0,0,0,0,0,0,0,0.37156060019547,0,0,GSM3577775
0,0.194138312795014,1.80402486546223e-62,0,0,0,0.497358484927768,0,0,0,0,0,0,4.63852763467652e-194,0,0,0,0,0,0,0,0.308503202277218,0,0,GSM3577776
0,0.108334031621661,2.33708786140412e-62,0,0,0,0.663801205439322,0,0,0,0,0,0,5.73272341045259e-194,0,0,0,0,0,0,0,0.227864762939017,0,0,GSM3577777
0,0.300654711537929,3.93490519602814e-62,0,0,0,0.373034128218796,0,0,0,0,0,0,5.90207980118267e-194,0,0,0,0,0,0,0,0.326311160243275,0,0,GSM3577778
0,0.248188672345133,9.32010298945766e-62,0,0,0,0.45725532268563,0,0,0,0,0,0,6.91230849497504e-194,0,0,0,0,0,0,0,0.294556004969237,0,0,GSM3577779
0,0.242557130869596,2.21182086094613e-62,0,0,0,0.448739085928825,0,0,0,0,0,0,6.25584948772223e-194,0,0,0,0,0,0,0,0.30870378320158,0,0,GSM3577780
0,0.496292537045767,4.08914076640193e-62,0,0,0,0.270406024537005,0,0,0,0,0,0,5.72647181913547e-194,0,0,0,0,0,0,0,0.233301438417228,0,0,GSM3577781
0,0.105928687999456,2.27709272498715e-62,0,0,0,0.636625341300201,0,0,0,0,0,0,4.11723578809444e-194,0,0,0,0,0,0,0,0.257445970700343,0,0,GSM3577782
0,0.127664553855824,1.80525286051452e-62,0,0,0,0.59592197835458,0,0,0,0,0,0,4.2535404833727e-194,0,0,0,0,0,0,0,0.276413467789596,0,0,GSM3577783
0,0.11912028724639,2.56374770771659e-62,0,0,0,0.726953566704815,0,0,0,0,0,0,3.32122670712351e-194,0,0,0,0,0,0,0,0.153926146048795,0,0,GSM3577784
0,0.225083012068538,3.37603631161193e-62,0,0,0,0.441965183732645,0,0,0,0,0,0,6.98639415752753e-194,0,0,0,0,0,0,0,0.332951804198817,0,0,GSM3577785
0,0.164183762423972,2.47414636201946e-62,0,0,0,0.52493946093254,0,0,0,0,0,0,5.59470968073627e-194,0,0,0,0,0,0,0,0.310876776643487,0,0,GSM3577786
0,0.171618654326027,2.23577517831598e-62,0,0,0,0.576407532890582,0,0,0,0,0,0,5.3864665058294e-194,0,0,0,0,0,0,0,0.251973812783392,0,0,GSM3577787
0,0.0465957884397927,1.15976728048092e-62,0,0,0,0.850844394199036,0,0,0,0,0,0,1.8110849040232e-194,0,0,0,0,0,0,0,0.102559817361171,0,0,GSM3577788
0,0.168589298772743,3.39441448493263e-62,0,0,0,0.640751057574455,0,0,0,0,0,0,4.57983820265771e-194,0,0,0,0,0,0,0,0.190659643652802,0,0,GSM3577789
0,0.213007338290065,1.72569495425643e-62,0,0,0,0.548632410408683,0,0,0,0,0,0,4.1856790753657e-194,0,0,0,0,0,0,0,0.238360251301252,0,0,GSM3577790
0,0.140018001186417,2.38736577784272e-62,0,0,0,0.632459025996494,0,0,0,0,0,0,4.43076272923725e-194,0,0,0,0,0,0,0,0.227522972817089,0,0,GSM3577791
0,0.211036351812265,5.88204566213195e-62,0,0,0,0.498607663217668,0,0,0,0,0,0,7.65732856043064e-194,0,0,0,0,0,0,0,0.290355984970068,0,0,GSM3577792
0,0.211054522090795,4.03585278681678e-62,0,0,0,0.44063965750867,0,0,0,0,0,0,9.86072932099412e-194,0,0,0,0,0,0,0,0.348305820400536,0,0,GSM3577793
0,0.208506453857421,7.38347439138615e-62,0,0,0,0.355320427440802,0,0,0,0,0,0,8.4434394272725e-194,0,0,0,0,0,0,0,0.436173118701777,0,0,GSM3577794
0,0.129261355522119,9.6609603450932e-63,0,0,0,0.729642626656319,0,0,0,0,0,0,2.51422566251536e-194,0,0,0,0,0,0,0,0.141096017821562,0,0,GSM3577795
0,0.239020748734896,4.07250916143613e-62,0,0,0,0.293548208108051,0,0,0,0,0,0,1.14096304861223e-193,0,0,0,0,0,0,0,0.467431043157053,0,0,GSM3577796
0,0.0432709132399747,4.78237056389325e-63,0,0,0,0.890640428589562,0,0,0,0,0,0,1.11136273683657e-194,0,0,0,0,0,0,0,0.0660886581704631,0,0,GSM3577797
0,0.143086501079475,2.67496072108492e-62,0,0,0,0.637150334630868,0,0,0,0,0,0,6.0569799832451e-194,0,0,0,0,0,0,0,0.219763164289657,0,0,GSM3577798
0,0.352960379021248,4.90792389559651e-62,0,0,0,0.287286351059251,0,0,0,0,0,0,6.44878505884036e-194,0,0,0,0,0,0,0,0.359753269919501,0,0,GSM3577799
0,0.220482393110856,7.05217886974325e-62,0,0,0,0.434096961768992,0,0,0,0,0,0,7.41174472631596e-194,0,0,0,0,0,0,0,0.345420645120152,0,0,GSM3577800
0,0.187324287591583,1.96536679751692e-62,0,0,0,0.659583744736002,0,0,0,0,0,0,3.07130390854851e-194,0,0,0,0,0,0,0,0.153091967672415,0,0,GSM3577801
0,0.265127628427974,4.20543765082334e-62,0,0,0,0.441302628652611,0,0,0,0,0,0,6.19106844860878e-194,0,0,0,0,0,0,0,0.293569742919415,0,0,GSM3577802
0,0.192336584069733,1.80870447713877e-62,0,0,0,0.62755705655445,0,0,0,0,0,0,3.96748997466724e-194,0,0,0,0,0,0,0,0.180106359375818,0,0,GSM3577803
0,0.64334785926691,1.3458718525408e-62,0,0,0,0.201840486034094,0,0,0,0,0,0,2.60097435514379e-194,0,0,0,0,0,0,0,0.154811654698996,0,0,GSM3577804
0,0.249384123659258,7.53739999833791e-62,0,0,0,0.411055104919826,0,0,0,0,0,0,8.36812634751705e-194,0,0,0,0,0,0,0,0.339560771420916,0,0,GSM3577805
0,0.201967460895121,3.16534842769191e-62,0,0,0,0.488446001048388,0,0,0,0,0,0,6.71724018551817e-194,0,0,0,0,0,0,0,0.309586538056492,0,0,GSM3577806
0,0.0949167187287696,1.84373670306627e-62,0,0,0,0.736973035421213,0,0,0,0,0,0,3.25828350078583e-194,0,0,0,0,0,0,0,0.168110245850018,0,0,GSM3577807
0,0.20715940170361,5.28782264125415e-62,0,0,0,0.501664336290844,0,0,0,0,0,0,6.25390796084246e-194,0,0,0,0,0,0,0,0.291176262005546,0,0,GSM3577808
0,0.203836974193773,3.49883055308342e-62,0,0,0,0.494469104907827,0,0,0,0,0,0,6.34835289327833e-194,0,0,0,0,0,0,0,0.3016939208984,0,0,GSM3577809
0,0.240077660180893,4.93027075467971e-62,0,0,0,0.362568911025254,0,0,0,0,0,0,7.99473993557283e-194,0,0,0,0,0,0,0,0.397353428793853,0,0,GSM3577810
0,0.324727160680337,6.94779022707387e-62,0,0,0,0.378152892686192,0,0,0,0,0,0,7.12939565713904e-194,0,0,0,0,0,0,0,0.297119946633471,0,0,GSM3577811
0,0.384970108438135,3.67915128080157e-62,0,0,0,0.345354587919405,0,0,0,0,0,0,5.05127903344248e-194,0,0,0,0,0,0,0,0.26967530364246,0,0,GSM3577812
0,0.215728363064052,5.29149142242827e-62,0,0,0,0.378763428369057,0,0,0,0,0,0,9.77620992663439e-194,0,0,0,0,0,0,0,0.405508208566891,0,0,GSM3577813
0,0.24051436565429,3.33470945956194e-63,0,0,0,0.718872796607459,0,0,0,0,0,0,7.73634190724537e-195,0,0,0,0,0,0,0,0.0406128377382506,0,0,GSM3577814
0,0.201518814777636,7.50572909141204e-62,0,0,0,0.504772009875894,0,0,0,0,0,0,6.11707760424104e-194,0,0,0,0,0,0,0,0.29370917534647,0,0,GSM3577815
0,0.169604455135813,1.99384079213235e-62,0,0,0,0.56658513619273,0,0,0,0,0,0,4.21715011682492e-194,0,0,0,0,0,0,0,0.263810408671457,0,0,GSM3577816
0,0.169171990082401,3.28353387438726e-62,0,0,0,0.522422009954882,0,0,0,0,0,0,6.32462293062339e-194,0,0,0,0,0,0,0,0.308405999962716,0,0,GSM3577817
0,0.108530070280023,1.7057712681143e-62,0,0,0,0.735733670974495,0,0,0,0,0,0,3.46066108990284e-194,0,0,0,0,0,0,0,0.155736258745481,0,0,GSM3577818
0,0.291051309500649,8.19338789024294e-62,0,0,0,0.362587686372025,0,0,0,0,0,0,1.01353781463491e-193,0,0,0,0,0,0,0,0.346361004127326,0,0,GSM3577819
0,0.1815952624977,2.51120231079241e-62,0,0,0,0.536771899798105,0,0,0,0,0,0,3.92111645355644e-194,0,0,0,0,0,0,0,0.281632837704195,0,0,GSM3577820
0,0.178487346519735,2.78731146263999e-62,0,0,0,0.555727890977444,0,0,0,0,0,0,6.9374454143799e-194,0,0,0,0,0,0,0,0.265784762502821,0,0,GSM3577821
0,0.0880454506216673,1.44592961347979e-62,0,0,0,0.738132674343417,0,0,0,0,0,0,3.42215019485853e-194,0,0,0,0,0,0,0,0.173821875034916,0,0,GSM3577822
0,0.142728816744061,1.95511736110134e-62,0,0,0,0.64658177402108,0,0,0,0,0,0,4.10092146742133e-194,0,0,0,0,0,0,0,0.210689409234859,0,0,GSM3577823
0,0.401346933512818,1.2216765401878e-62,0,0,0,0.466086555532861,0,0,0,0,0,0,3.49659899941173e-194,0,0,0,0,0,0,0,0.132566510954321,0,0,GSM3577824
0,0.203582770380562,5.59334123631908e-62,0,0,0,0.471715295919645,0,0,0,0,0,0,8.48681517185467e-194,0,0,0,0,0,0,0,0.324701933699792,0,0,GSM3577825
0,0.297113218090102,3.56854512483977e-62,0,0,0,0.433492776662906,0,0,0,0,0,0,6.34969147189213e-194,0,0,0,0,0,0,0,0.269394005246992,0,0,GSM3577826
0,0.104833487816246,2.00315966228064e-62,0,0,0,0.705370039553102,0,0,0,0,0,0,3.41253133897058e-194,0,0,0,0,0,0,0,0.189796472630652,0,0,GSM3577827
0,0.457689468128113,6.13023902198466e-62,0,0,0,0.283544115467896,0,0,0,0,0,0,7.24863595728223e-194,0,0,0,0,0,0,0,0.258766416403991,0,0,GSM3577828
0,0.183940102544875,3.59058863221382e-62,0,0,0,0.524552211588886,0,0,0,0,0,0,6.49972114719563e-194,0,0,0,0,0,0,0,0.291507685866239,0,0,GSM3577829
0,0.300724419828891,3.18231996868826e-62,0,0,0,0.300724419828891,0,0,0,0,0,0,7.17377105545332e-194,0,0,0,0,0,0,0,0.398551160342218,0,0,GSM3577830
0,0.141596091896584,2.12980703319381e-62,0,0,0,0.693319317958474,0,0,0,0,0,0,4.0333554118967e-194,0,0,0,0,0,0,0,0.165084590144942,0,0,GSM3577831
0,0.125022031692923,1.62920561050338e-62,0,0,0,0.706034567347084,0,0,0,0,0,0,3.8771507528771e-194,0,0,0,0,0,0,0,0.168943400959993,0,0,GSM3577832
0,0.18657804895121,1.64148225740509e-62,0,0,0,0.600197141141422,0,0,0,0,0,0,4.56451024371853e-194,0,0,0,0,0,0,0,0.213224809907368,0,0,GSM3577833
0,0.046713713639557,8.49026762299905e-63,0,0,0,0.867236565646725,0,0,0,0,0,0,1.81566842017883e-194,0,0,0,0,0,0,0,0.0860497207137176,0,0,GSM3577834
0,0.255271016687662,4.10708688048685e-62,0,0,0,0.397968122386471,0,0,0,0,0,0,7.65772383523476e-194,0,0,0,0,0,0,0,0.346760860925868,0,0,GSM3577835
0,0.236717051885587,2.59473865725976e-62,0,0,0,0.465186229335511,0,0,0,0,0,0,5.95949054360437e-194,0,0,0,0,0,0,0,0.298096718778902,0,0,GSM3577836
0,0.228487292744845,7.02195207238081e-62,0,0,0,0.447311763577458,0,0,0,0,0,0,7.72099566586178e-194,0,0,0,0,0,0,0,0.324200943677697,0,0,GSM3577837
0,0.268545426240931,3.00654718312201e-62,0,0,0,0.436059286128411,0,0,0,0,0,0,5.53738026003869e-194,0,0,0,0,0,0,0,0.295395287630658,0,0,GSM3577838
0,0.184389842256319,2.93514894346919e-62,0,0,0,0.569373631021902,0,0,0,0,0,0,5.14412349878422e-194,0,0,0,0,0,0,0,0.246236526721779,0,0,GSM3577839
0,0.306198038375738,7.99920303303047e-62,0,0,0,0.370865302318756,0,0,0,0,0,0,7.51417719540213e-194,0,0,0,0,0,0,0,0.322936659305507,0,0,GSM3577840
0,0.0328164985633883,4.29654042077054e-63,0,0,0,0.917061687683167,0,0,0,0,0,0,1.17715494808318e-194,0,0,0,0,0,0,0,0.0501218137534451,0,0,GSM3577841
0,0.232913317918327,3.61955763819438e-62,0,0,0,0.411971602526053,0,0,0,0,0,0,7.05390405869617e-194,0,0,0,0,0,0,0,0.35511507955562,0,0,GSM3577842
0,0.373334351616751,3.9777185176863e-62,0,0,0,0.373334351616751,0,0,0,0,0,0,5.94005478781932e-194,0,0,0,0,0,0,0,0.253331296766498,0,0,GSM3577843
0,0.14873720724827,1.32100572081327e-62,0,0,0,0.685177697392457,0,0,0,0,0,0,3.65592005173528e-194,0,0,0,0,0,0,0,0.166085095359273,0,0,GSM3577844
0,0.325652167691055,4.06990425944943e-62,0,0,0,0.325652167691055,0,0,0,0,0,0,7.73676817248785e-194,0,0,0,0,0,0,0,0.348695664617891,0,0,GSM3577845
0,0.0945394221565407,1.16041283077349e-62,0,0,0,0.762874311011334,0,0,0,0,0,0,2.86822949360147e-194,0,0,0,0,0,0,0,0.142586266832125,0,0,GSM3577846
0,0.154822794132403,1.36916566467608e-62,0,0,0,0.666739920295128,0,0,0,0,0,0,3.11940917996371e-194,0,0,0,0,0,0,0,0.17843728557247,0,0,GSM3577847
0,0.21230143183191,2.13345394850914e-62,0,0,0,0.577599041580836,0,0,0,0,0,0,4.01905048562034e-194,0,0,0,0,0,0,0,0.210099526587254,0,0,GSM3577848
0,0.314732851158194,6.73810265110519e-62,0,0,0,0.332805342094207,0,0,0,0,0,0,5.59833963749783e-194,0,0,0,0,0,0,0,0.352461806747599,0,0,GSM3577849
0,0.0652244779213536,1.36263779484712e-62,0,0,0,0.784341645767489,0,0,0,0,0,0,2.53514472641223e-194,0,0,0,0,0,0,0,0.150433876311158,0,0,GSM3577850
0,0.315196399517039,1.95847525744893e-62,0,0,0,0.442859190282601,0,0,0,0,0,0,4.23311045580095e-194,0,0,0,0,0,0,0,0.24194441020036,0,0,GSM3577851
0,0.122803999010616,1.87016276514606e-62,0,0,0,0.604691752603361,0,0,0,0,0,0,3.89085892184913e-194,0,0,0,0,0,0,0,0.272504248386023,0,0,GSM3577852
0,0.274144468339627,4.43097379661081e-62,0,0,0,0.34968446290065,0,0,0,0,0,0,1.06554460125275e-193,0,0,0,0,0,0,0,0.376171068759723,0,0,GSM3577853
0,0.143338557729861,4.22069387755796e-62,0,0,0,0.611218811948365,0,0,0,0,0,0,5.5712824433572e-194,0,0,0,0,0,0,0,0.245442630321773,0,0,GSM3577854
0,0.121149171032248,1.83977114894917e-62,0,0,0,0.659105375514666,0,0,0,0,0,0,4.31382514038163e-194,0,0,0,0,0,0,0,0.219745453453086,0,0,GSM3577855
0,0.199966411480038,6.39993119520743e-62,0,0,0,0.48969280908522,0,0,0,0,0,0,9.02354062218904e-194,0,0,0,0,0,0,0,0.310340779434742,0,0,GSM3577856
