"category","subcategory","ID","Description","GeneRatio","BgRatio","RichFactor","FoldEnrichment","zScore","pvalue","p.adjust","qvalue","geneID","Count"
"Organismal Systems","Development and regeneration","hsa04360","Axon guidance","43/948","184/9423",0.233695652173913,2.32290520088057,6.06081484858437,8.766217186177e-08,2.98928006048636e-05,2.03929894541591e-05,"10154/10298/10371/151449/1630/1945/1947/1948/2042/2043/2044/2045/223117/22854/2771/285220/2932/3611/3845/387/4233/4775/5291/5295/5364/5530/55558/5594/57144/57689/5921/59277/5998/6092/6237/64221/659/7224/7976/817/9353/9475/998",43
"Organismal Systems","Nervous system","hsa04730","Long-term depression","20/948","60/9423",0.333333333333333,3.31329113924051,6.01179652457948,7.70874554938723e-07,0.000131434111617052,8.96648824428725e-05,"23236/2768/2771/2776/283748/2891/2892/2911/2977/2982/2983/3479/3708/3845/5331/5332/5515/5594/5604/673",20
"Environmental Information Processing","Signal transduction","hsa04071","Sphingolipid signaling pathway","31/948","125/9423",0.248,2.46508860759494,5.5148028593346,1.442584652769e-06,0.000163973788864743,0.000111863581846298,"10000/10715/165679/207/208/23236/253782/2768/2771/2776/3845/387/4985/5291/5295/5331/5332/5515/5521/5527/5529/5581/5594/5599/5602/5604/5970/79603/8717/9294/9475",31
"Organismal Systems","Nervous system","hsa04726","Serotonergic synapse","29/948","115/9423",0.252173913043478,2.50657677490369,5.43648089546388,2.18001133440202e-06,0.000185845966257773,0.000126784869711276,"10411/121278/1564/1573/23236/2561/260293/2771/2776/283748/3350/3356/3358/3360/3363/3708/3751/3760/3763/3845/5331/5332/54331/5567/5594/5604/673/776/9177",29
NA,NA,"hsa04517","IgSF CAM signaling","56/948","300/9423",0.186666666666667,1.85544303797468,5.03603513340169,3.13413428956064e-06,0.000213747958548036,0.000145819721682716,"1000/10000/10096/10097/10298/114798/117157/117178/1445/1525/1630/1796/207/208/22865/22999/23136/23426/26047/26280/287/2932/340156/3739/3786/387/4008/4628/4868/4897/51678/5291/5295/55558/5584/5594/5599/5602/5604/57144/57502/57513/57689/5819/5829/5921/6092/64221/80059/81/8499/8976/92154/9353/9564/998",56
"Human Diseases","Neurodegenerative disease","hsa05017","Spinocerebellar ataxia","33/948","144/9423",0.229166666666667,2.27788765822785,5.16807966531211,4.36040816844481e-06,0.000247816530906614,0.000169061439513387,"10000/10213/207/208/23236/23369/25814/2776/2891/2892/2903/2904/291/2911/2959/29982/3708/488/4976/5291/5295/5331/5332/54205/5599/5602/5682/5701/5706/7416/7417/9519/9698",33
"Organismal Systems","Nervous system","hsa04720","Long-term potentiation","20/948","67/9423",0.298507462686567,2.96712639334971,5.4041877092283,5.37292116206312e-06,0.000261738016609075,0.000178558733355782,"10411/23236/27330/2776/2891/2903/2904/2911/2915/3708/3845/5331/5332/5530/5567/5594/5604/673/814/817",20
NA,NA,"hsa04519","Cadherin signaling","68/948","404/9423",0.168316831683168,1.67304800100263,4.62448519036087,1.19492100103345e-05,0.000509335076690506,0.000347470448984726,"1000/1005/1006/1007/1008/10096/10097/1010/1012/10152/10787/120114/144165/147138/166336/1856/22881/2554/2557/2559/2561/2567/27328/2932/342184/3728/3845/387/4233/5099/51384/5594/5599/5602/5604/56134/56135/56136/56137/56138/56139/56140/56141/56142/56143/56144/56145/56146/56147/5970/6237/64072/64881/7408/7471/7478/7529/7532/7534/7976/8036/81/8463/8936/92597/9475/9752/998",68
"Environmental Information Processing","Signal transduction","hsa04022","cGMP-PKG signaling pathway","35/948","166/9423",0.210843373493976,2.0957564434955,4.76363865252506,1.60757299025449e-05,0.000558942991839707,0.00038131316930568,"10000/151/207/208/23236/2768/2771/2776/291/2977/2982/2983/340156/3708/387/4205/4772/4775/481/488/490/493/4985/5331/5332/5530/5581/5594/5604/6546/7408/7416/7417/776/9475",35
"Organismal Systems","Nervous system","hsa04728","Dopaminergic synapse","30/948","133/9423",0.225563909774436,2.24207671076425,4.82472147793478,1.63912900832759e-05,0.000558942991839707,0.00038131316930568,"10000/1312/1812/207/208/23236/2771/2776/2891/2892/2903/2904/2932/3708/3760/3763/5331/5332/54331/5515/5521/5527/5529/5530/5567/5599/5602/6323/776/817",30
"Environmental Information Processing","Signal transduction","hsa04014","Ras signaling pathway","45/948","239/9423",0.188284518828452,1.87152428367142,4.56423892769861,2.32404431681394e-05,0.000720453738212321,0.000491496453603713,"10000/10125/10298/11186/1945/207/208/2250/2255/2322/2323/27040/283748/2903/2904/3363/3479/3815/3845/387/4233/4254/5228/5291/5295/54331/5567/5594/5599/5602/5604/57144/5863/5900/5921/5923/5924/5970/6237/627/7423/7535/80310/8036/998",45
"Environmental Information Processing","Signal transduction","hsa04070","Phosphatidylinositol signaling system","24/948","98/9423",0.244897959183673,2.43425471454405,4.77332240459421,2.73555228278306e-05,0.000776730794040596,0.00052988888866483,"1040/1607/160851/23236/3612/3631/3633/3707/3708/5288/5291/5295/5297/5331/5332/54928/8395/8760/8776/8821/8867/9107/9108/9162",24
"Environmental Information Processing","Signal transduction","hsa04010","MAPK signaling pathway","53/948","301/9423",0.176079734219269,1.75021026956558,4.42412189096356,3.18661044596419e-05,0.000776730794040596,0.00052988888866483,"10000/10125/11184/1616/1945/207/208/2250/2255/2322/2323/27330/2768/283748/3479/3815/3845/4215/4233/4254/4296/4772/4775/4791/51701/5228/5530/5567/5594/5598/5599/5602/5604/5801/5921/5923/5924/5970/6237/627/6416/673/7423/776/781/785/80310/84451/8649/8717/9064/9261/998",53
NA,NA,"hsa04082","Neuroactive ligand signaling","39/948","199/9423",0.195979899497487,1.94801539342281,4.52051740284881,3.18892408110508e-05,0.000776730794040596,0.00052988888866483,"1129/1132/151/1812/23236/246213/2554/2557/2559/2561/2567/2743/2771/2776/2891/2892/2903/2904/2911/2915/2917/2918/3274/3350/3356/3358/3360/3363/4985/4988/5331/5332/54331/5567/57084/6539/8001/8973/9177",39
"Human Diseases","Infectious disease: bacterial","hsa05135","Yersinia infection","30/948","138/9423",0.217391304347826,2.16084204733076,4.59438710996941,3.47944652127169e-05,0.000790994175835764,0.000539619425404241,"10000/10096/10097/147179/207/208/27040/27330/2776/2932/387/4772/4775/5291/5295/5585/5594/5599/5602/5604/5829/5970/6416/7535/8395/8935/8976/9475/9564/998",30
"Organismal Systems","Endocrine system","hsa04929","GnRH secretion","18/948","65/9423",0.276923076923077,2.75258033106134,4.74186249860641,4.83806214558747e-05,0.00103111199477833,0.000703428772483442,"10000/207/208/23236/2776/2796/3708/3760/3763/3845/5291/5295/5331/5332/5594/5604/7224/776",18
"Organismal Systems","Nervous system","hsa04725","Cholinergic synapse","26/948","115/9423",0.226086956521739,2.247275729224,4.50079331253166,5.67157639768784e-05,0.00113765150094797,0.000776110454420441,"10000/1129/1132/207/208/23236/2771/2776/3708/3760/3763/3786/3845/5291/5295/5331/5332/54331/5567/5594/5604/56479/776/814/817/8973",26
"Organismal Systems","Nervous system","hsa04724","Glutamatergic synapse","26/948","116/9423",0.224137931034483,2.22790266259275,4.45034770769894,6.62586129411277e-05,0.00125523261182914,0.000856324763742059,"22941/23236/246213/2771/2776/283748/2891/2892/2903/2904/2911/2915/2917/2918/3708/3760/5331/5332/54331/5530/5567/5594/57084/776/81539/9456",26
"Human Diseases","Cancer: specific types","hsa05210","Colorectal cancer","21/948","87/9423",0.241379310344828,2.3992797904845,4.38520228488606,0.000107142377868368,0.00182782285959378,0.00124694814622696,"10000/1630/1643/207/208/2932/3845/387/4436/5291/5295/54205/5594/5599/5602/5604/578/5900/595/673/842",21
"Environmental Information Processing","Signal transduction","hsa04020","Calcium signaling pathway","45/948","254/9423",0.177165354330709,1.76100119605302,4.11194291156321,0.000107203686779694,0.00182782285959378,0.00124694814622696,"1129/1812/2250/2255/23236/2776/2903/2904/291/2911/2915/3274/3356/3358/3360/3363/340156/3707/3708/4233/4772/4775/488/490/493/5256/5331/5332/53373/5530/5567/5737/57620/6262/6546/6915/7416/7417/7423/776/7942/80310/814/817/84876",45
"Organismal Systems","Endocrine system","hsa04921","Oxytocin signaling pathway","31/948","154/9423",0.201298701298701,2.00088361006083,4.18825737642711,0.000120741537780735,0.00195516769481334,0.00133382330777512,"23236/2771/2776/283748/2977/2982/2983/340156/3708/3760/3763/3845/387/4772/4775/5331/5332/5530/5563/5567/5594/5598/5604/595/6262/776/781/785/814/817/9475",31
"Environmental Information Processing","Signaling molecules and interaction","hsa04080","Neuroactive ligand-receptor interaction","60/948","371/9423",0.161725067385445,1.6075266982838,3.99287684794943,0.00012613985127828,0.00195516769481334,0.00133382330777512,"10857/10886/1129/1132/1142/122042/1268/151/1812/2554/2557/2559/2561/2567/2690/2742/2743/2796/2798/2859/2891/2892/2903/2904/2911/2915/2917/2918/3274/3350/3356/3358/3360/3363/4142/4828/4886/4887/4889/4985/4988/5340/57053/5737/5745/5746/59350/6751/6754/6915/706/7068/7442/8001/84109/84539/8620/8973/9294/9340",60
"Environmental Information Processing","Signal transduction","hsa04015","Rap1 signaling pathway","39/948","212/9423",0.183962264150943,1.82856161929783,4.08079911649459,0.000134803961951985,0.00199861526198378,0.00136346341379354,"10000/10411/1268/1945/207/208/2250/2255/23236/260425/27040/2771/2776/2903/2904/3479/3815/3845/387/4233/4254/5217/5228/5291/5295/5331/5332/5584/5594/5604/5900/6237/6494/673/7408/7423/80310/9564/998",39
"Environmental Information Processing","Signal transduction","hsa04072","Phospholipase D signaling pathway","30/948","149/9423",0.201342281879195,2.0013167955144,4.12037700164913,0.000153903296134763,0.00216643116880185,0.00147794810404448,"10000/10411/1607/160851/207/208/23236/26052/2768/283748/2911/2915/2917/2918/3815/3845/387/4254/5291/5295/5331/5332/5594/5604/5737/5900/6237/80310/8395/9162",30
"Organismal Systems","Immune system","hsa04660","T cell receptor signaling pathway","26/948","122/9423",0.213114754098361,2.11833367918655,4.15807542038389,0.000160279797135245,0.00216643116880185,0.00147794810404448,"10000/10125/10298/207/208/27040/2932/3845/387/4772/4775/5291/5295/5515/5521/5527/5529/5530/5594/5599/5602/5604/57144/5970/7535/998",26
"Human Diseases","Cancer: specific types","hsa05212","Pancreatic cancer","19/948","77/9423",0.246753246753247,2.45269603813908,4.2806832323629,0.000165182435157912,0.00216643116880185,0.00147794810404448,"10000/1643/1871/207/208/3845/5291/5295/5594/5599/5602/5604/578/5900/595/5970/673/842/998",19
"Cellular Processes","Cellular community - eukaryotes","hsa04540","Gap junction","21/948","90/9423",0.233333333333333,2.31930379746835,4.20592282496028,0.000179322670901683,0.00226477891768422,0.00154504133603399,"1812/23236/2771/2776/2911/2915/2977/2982/2983/3356/3358/3708/3845/5331/5332/5567/5594/5598/5604/57369/80310",21
"Environmental Information Processing","Signal transduction","hsa04150","mTOR signaling pathway","31/948","158/9423",0.19620253164557,1.95022832879346,4.02846570304456,0.000196844725443933,0.00233029266535058,0.0015897350796187,"10000/10325/153129/1856/1978/207/208/27330/2932/3479/3845/387/51384/51719/523/528/5291/5295/54541/5563/5594/5604/64900/6520/673/7471/7478/79726/7976/81929/8649",31
"Metabolism","Carbohydrate metabolism","hsa00562","Inositol phosphate metabolism","19/948","78/9423",0.243589743589744,2.42125121713729,4.21535702160109,0.000198177382097263,0.00233029266535058,0.0015897350796187,"23007/23236/3612/3631/3633/3707/51477/5288/5291/5297/5331/5332/8395/8776/8821/8867/9107/9108/9562",19
"Human Diseases","Cancer: specific types","hsa05218","Melanoma","18/948","73/9423",0.246575342465753,2.45092769204092,4.16204967611646,0.00024595788809791,0.00279572132804624,0.0019072523954259,"10000/1643/1871/207/208/2250/2255/3479/3845/4233/5291/5295/5594/5604/578/595/673/80310",18
"Environmental Information Processing","Signal transduction","hsa04024","cAMP signaling pathway","40/948","226/9423",0.176991150442478,1.75926963145514,3.86396355281931,0.000260312867308771,0.00283482173206813,0.00193392684916517,"10000/10411/1129/1812/207/208/2771/2891/2892/2903/2904/3350/3360/3776/387/4772/481/488/4886/490/493/5144/5291/5295/5567/5594/5599/5602/5604/5970/6237/6262/627/673/6751/776/814/817/84876/9475",40
"Environmental Information Processing","Signal transduction","hsa04012","ErbB signaling pathway","20/948","86/9423",0.232558139534884,2.31159846923756,4.08650761493877,0.000266024326762992,0.00283482173206813,0.00193392684916517,"10000/10298/10718/1978/207/208/2932/3845/5291/5295/5594/5599/5602/5604/57144/6416/673/6776/685/817",20
"Human Diseases","Cancer: specific types","hsa05221","Acute myeloid leukemia","17/948","68/9423",0.25,2.48496835443038,4.11013062296673,0.000304227579801633,0.00314368499128355,0.00214463461359365,"10000/1050/1978/207/208/2322/3728/3815/3845/5291/5295/5594/5604/595/5970/673/6776",17
"Human Diseases","Infectious disease: viral","hsa05160","Hepatitis C","30/948","156/9423",0.192307692307692,1.9115141187926,3.83938782034538,0.000356153153797997,0.00350825151948781,0.0023933433733811,"10000/10379/1871/207/208/24146/2932/317/3434/3452/3665/3845/5291/5295/54205/5515/5521/5594/5604/578/595/5970/673/7122/7297/7529/7532/7534/842/8717",30
"Organismal Systems","Nervous system","hsa04723","Retrograde endocannabinoid signaling","29/948","149/9423",0.194630872483221,1.93460623566392,3.8458658201665,0.000360084466809599,0.00350825151948781,0.0023933433733811,"1268/22999/23236/246213/2554/2557/2559/2561/2567/2771/2776/2891/2892/2911/2915/3708/3760/3763/4698/4719/5331/5332/54331/5567/5594/5599/5602/57084/776",29
"Organismal Systems","Endocrine system","hsa04935","Growth hormone synthesis, secretion and action","25/948","122/9423",0.204918032786885,2.03685930691015,3.85514563202221,0.000401794921690197,0.00380589078600992,0.00259639408460624,"10000/207/208/23236/2690/2771/2776/2932/3479/3708/3845/5291/5295/5331/5332/5567/5594/5599/5602/5604/6416/6751/6776/776/9564",25
"Human Diseases","Substance dependence","hsa05033","Nicotine addiction","12/948","41/9423",0.292682926829268,2.90923124421118,4.09740234954857,0.000500232312685895,0.00461024915205109,0.00314513061461118,"246213/2554/2557/2559/2561/2567/2891/2892/2903/2904/57084/8973",12
"Organismal Systems","Environmental adaptation","hsa04713","Circadian entrainment","21/948","97/9423",0.216494845360825,2.15193135847579,3.81391164538279,0.000533173234668325,0.00478452823741839,0.00326402451140443,"23236/2771/2776/2891/2892/2903/2904/2977/2982/2983/3708/3760/3763/5331/5332/54331/5567/5594/6262/776/817",21
"Human Diseases","Cancer: specific types","hsa05213","Endometrial cancer","15/948","59/9423",0.254237288135593,2.52708646213259,3.93518175109103,0.00055949297504722,0.00489197703823338,0.00333732651782552,"10000/1643/207/208/2932/3611/3845/5291/5295/5594/5604/578/595/673/842",15
"Organismal Systems","Immune system","hsa04611","Platelet activation","25/948","126/9423",0.198412698412698,1.97219710669078,3.67429520919771,0.000666099034102727,0.00567849426572575,0.00387389175096586,"10000/10125/207/208/23236/2771/2776/283748/2977/2982/2983/340156/3708/387/5291/5295/5331/5332/5567/5584/5594/6915/7408/84876/9475",25
"Human Diseases","Cancer: overview","hsa05231","Choline metabolism in cancer","21/948","99/9423",0.212121212121212,2.1084579976985,3.70801575962646,0.000709168558896201,0.00589820679472206,0.00402378052672812,"10000/1119/1607/160851/1978/204962/207/208/283748/3845/5291/5295/5594/5599/5602/5604/5900/80310/8395/8936/9162",21
"Human Diseases","Cancer: specific types","hsa05223","Non-small cell lung cancer","17/948","73/9423",0.232876712328767,2.31476504248309,3.77146114810087,0.000738917802775229,0.00599930882729412,0.00409275274218861,"10000/11186/1643/1871/207/208/3845/4233/5291/5295/5594/5604/578/595/673/6776/842",17
"Organismal Systems","Endocrine system","hsa04912","GnRH signaling pathway","20/948","93/9423",0.21505376344086,2.13760718660678,3.6872182489291,0.00078414635929626,0.00621846298883778,0.00424226059741673,"23236/2776/2796/2798/283748/3708/3845/4215/5331/5332/5567/5594/5598/5599/5602/5604/6416/776/817/998",20
"Cellular Processes","Cellular community - eukaryotes","hsa04510","Focal adhesion","35/948","203/9423",0.172413793103448,1.7137712789175,3.4383294906936,0.00100562289000706,0.00779357739755473,0.00531681001654451,"10000/10298/10319/1291/1292/207/208/2932/340156/3479/3611/3693/387/3913/4233/5228/5291/5295/5594/5599/5602/5604/57144/5829/5923/595/673/7408/7423/80310/81/8395/9475/9564/998",35
"Organismal Systems","Circulatory system","hsa04261","Adrenergic signaling in cardiomyocytes","28/948","154/9423",0.181818181818182,1.807249712313,3.37798474091122,0.0013717342486823,0.0102140687425046,0.0069680790001343,"10000/10411/207/208/23236/2771/2776/3776/481/488/490/493/5331/5332/5515/5521/5527/5529/5567/5594/6262/6332/6546/7169/776/781/785/817",28
"Human Diseases","Infectious disease: bacterial","hsa05131","Shigellosis","41/948","253/9423",0.162055335968379,1.61080952619202,3.2937244193843,0.00137785091541117,0.0102140687425046,0.0069680790001343,"10000/10096/10097/10318/10325/10616/11146/2017/207/208/23236/2932/3611/3708/387/5217/5291/5295/5331/5332/54205/5581/5594/5599/5602/5829/5970/6500/7334/7336/7416/81/81631/8717/8936/8976/9140/9474/9475/9564/998",41
"Environmental Information Processing","Signal transduction","hsa04371","Apelin signaling pathway","26/948","140/9423",0.185714285714286,1.84597649186257,3.37274884902427,0.00146212046639421,0.010577743517316,0.00721617940215108,"10000/10891/207/208/23236/2771/2776/340156/3708/3845/4205/4899/5331/5332/54331/5563/5567/5581/5594/5604/595/6237/6262/6546/814/81631",26
"Human Diseases","Endocrine and metabolic disease","hsa04934","Cushing syndrome","28/948","155/9423",0.180645161290323,1.79559003674969,3.34016589626951,0.00151802545230194,0.010577743517316,0.00721617940215108,"1856/1871/23236/2771/2776/2932/3708/3739/3776/5087/51384/5331/5332/5567/5594/5604/57552/5929/595/673/7471/7478/776/7976/817/84876/8622/9070",28
"Organismal Systems","Endocrine system","hsa04917","Prolactin signaling pathway","16/948","71/9423",0.225352112676056,2.23997147441612,3.5074741969348,0.00151996900981961,0.010577743517316,0.00721617940215108,"10000/207/208/2645/2932/3845/5291/5295/5594/5599/5602/5604/595/5970/6776/8792",16
"Cellular Processes","Cell motility","hsa04810","Regulation of actin cytoskeleton","38/948","232/9423",0.163793103448276,1.62808271497163,3.23955469109525,0.00166753844556089,0.0113726121987253,0.00775844203092541,"10000/10096/10097/10152/10298/10787/1129/1132/207/208/2250/2255/2768/28984/340156/3693/3845/387/4628/51571/5217/5291/5295/5594/5604/57144/5829/6237/673/80310/81/81553/8395/8936/8976/9475/9564/998",38
"Organismal Systems","Nervous system","hsa04722","Neurotrophin signaling pathway","23/948","120/9423",0.191666666666667,1.90514240506329,3.33735103205522,0.00174559548677592,0.0116715306076586,0.0079623653782761,"10000/207/208/27330/2932/3845/387/4215/5291/5295/5594/5598/5599/5602/5604/5970/627/673/7161/814/817/9261/998",23
"Organismal Systems","Excretory system","hsa04961","Endocrine and other factor-regulated calcium reabsorption","13/948","53/9423",0.245283018867925,2.43808215906377,3.51121726224771,0.0018317288262561,0.0119148192815782,0.00812833789544306,"1213/23236/26052/2776/481/490/493/5331/5332/5567/5745/6546/8766",13
"Human Diseases","Infectious disease: bacterial","hsa05132","Salmonella infection","40/948","249/9423",0.160642570281124,1.59676681409181,3.19176446349719,0.00185186340740072,0.0119148192815782,0.00812833789544306,"10000/10006/10096/10097/10787/1780/207/208/26263/27072/29109/3836/3839/387/51143/51209/5217/5288/5291/54205/55207/5585/55860/5594/5599/5602/5604/578/5970/6237/6416/6500/6990/6993/79792/8717/8976/9475/9842/998",40
"Human Diseases","Infectious disease: viral","hsa05162","Measles","25/948","136/9423",0.183823529411765,1.82718261355175,3.24966800147318,0.00207005105850693,0.0128469725648448,0.00876425663476058,"10000/10379/1457/207/208/25898/2932/317/3452/3561/3665/51209/5291/5295/54205/5599/5602/578/595/5970/6776/7161/7297/842/8717",25
"Environmental Information Processing","Signal transduction","hsa04370","VEGF signaling pathway","14/948","60/9423",0.233333333333333,2.31930379746835,3.4286155555365,0.00207209234916851,0.0128469725648448,0.00876425663476058,"10000/207/208/283748/3845/5291/5295/5530/5594/5604/5829/842/9261/998",14
"Human Diseases","Endocrine and metabolic disease","hsa04933","AGE-RAGE signaling pathway in diabetic complications","20/948","101/9423",0.198019801980198,1.96829176588545,3.27203726752302,0.00227217066275244,0.0138358963571175,0.00943890444489266,"10000/177/207/208/23236/3845/4772/5291/5295/5331/5332/5581/5594/5599/5602/595/5970/6776/7423/998",20
"Cellular Processes","Transport and catabolism","hsa04140","Autophagy - animal","29/948","169/9423",0.171597633136095,1.7056587521534,3.09584495434899,0.00282110501517467,0.0168771370206064,0.0115136511237969,"10000/10325/116442/1612/207/208/27072/29982/3708/3845/4218/5291/5295/54541/5515/55255/5563/5567/5594/5599/5602/5604/5861/6237/81631/8887/9140/9474/9842",29
"Human Diseases","Cancer: specific types","hsa05214","Glioma","16/948","76/9423",0.210526315789474,2.09260493004664,3.19845095605401,0.00318850705956177,0.0187462225398373,0.0127887488232877,"10000/1643/1871/207/208/3479/3845/5291/5295/5594/5604/578/595/673/814/817",16
"Human Diseases","Cancer: overview","hsa05235","PD-L1 expression and PD-1 checkpoint pathway in cancer","18/948","90/9423",0.2,1.9879746835443,3.14965005025809,0.00329248722772264,0.0190294600788715,0.0129819746177824,"10000/10125/116071/1457/207/208/27040/3845/4215/4772/4775/5291/5295/5530/5594/5604/5970/7535",18
"Human Diseases","Neurodegenerative disease","hsa05022","Pathways of neurodegeneration - multiple diseases","67/948","481/9423",0.139293139293139,1.38455617253086,2.89548191854626,0.00338905121677247,0.0192611077486568,0.0131400055948546,"10213/116442/1457/1616/177/1856/23236/27429/2776/2891/2892/2903/2904/291/2911/2915/2932/29982/3028/317/3708/3845/4218/4698/4719/488/5071/509/51384/515/5331/5332/54205/55081/55255/5530/55669/55860/5594/5599/5602/5604/5621/5682/5701/5706/57679/578/5861/5970/6262/627/673/7327/7385/7416/7417/7471/7478/776/79139/7976/81631/817/842/8701/8851",67
"Organismal Systems","Immune system","hsa04625","C-type lectin receptor signaling pathway","20/948","105/9423",0.19047619047619,1.89330922242315,3.07851291070203,0.00364663012374446,0.0201227190641843,0.0137278003185205,"10000/10379/1960/207/208/3708/3845/387/4772/4775/4791/5291/5295/5530/5594/5599/5602/5970/6237/9261",20
"Human Diseases","Cancer: specific types","hsa05220","Chronic myeloid leukemia","16/948","77/9423",0.207792207792208,2.06542824264343,3.13951487016651,0.00365867619348806,0.0201227190641843,0.0137278003185205,"10000/1643/1871/207/208/3065/3845/5291/5295/5594/5604/578/595/5970/673/6776",16
"Organismal Systems","Sensory system","hsa04750","Inflammatory mediator regulation of TRP channels","19/948","99/9423",0.191919191919192,1.90765247410817,3.03628074789034,0.00416216903960725,0.0225285657540647,0.0153690786592014,"1573/23236/2776/283748/3356/3358/3479/3708/5291/5295/5331/5332/5567/5581/5599/5602/7442/817/8989",19
"Organismal Systems","Endocrine system","hsa04927","Cortisol synthesis and secretion","14/948","65/9423",0.215384615384615,2.14089581304771,3.08686054203963,0.00453772185052051,0.0241775492348046,0.0164940218579775,"190/23236/2776/3708/3739/3776/5087/5331/5332/5567/57552/776/84876/8622",14
"Organismal Systems","Endocrine system","hsa04916","Melanogenesis","19/948","101/9423",0.188118811881188,1.86987717759118,2.93947614089573,0.00522275087382557,0.0273993545842234,0.0186919504957968,"1856/23236/2771/2776/2932/3815/3845/4254/51384/5331/5332/5567/5594/5604/7306/7471/7478/7976/817",19
"Human Diseases","Infectious disease: viral","hsa05161","Hepatitis B","27/948","163/9423",0.165644171779141,1.64648209986798,2.78452215987089,0.00631850058863342,0.032645586374606,0.0222709510380859,"10000/1643/1871/1960/207/208/317/3452/3665/3845/4772/4775/5291/5295/54205/5594/5599/5602/5604/5970/6416/673/6776/7297/7529/7534/842",27
"Cellular Processes","Cellular community - eukaryotes","hsa04530","Tight junction","28/948","171/9423",0.16374269005848,1.62758161225849,2.76985043498642,0.00644318497134086,0.0327929264959289,0.0223714670646713,"10096/10097/1740/2017/23370/23513/24146/387/4218/4628/55114/5515/5521/5563/5567/5581/5584/5599/5602/57530/5872/595/7122/7408/776/81/9475/998",28
"Human Diseases","Infectious disease: viral","hsa05163","Human cytomegalovirus infection","35/948","227/9423",0.154185022026432,1.53257960185134,2.71646329462027,0.00671501837239736,0.0336738421321691,0.022972431273991,"10000/1871/1978/207/208/23236/2768/2771/2776/2932/3452/3588/3708/3845/387/4772/4775/5291/5295/5331/5332/54205/54331/5530/5567/5594/5604/578/5829/595/5970/842/8717/9475/9564",35
"Human Diseases","Infectious disease: viral","hsa05167","Kaposi sarcoma-associated herpesvirus infection","31/948","196/9423",0.158163265306122,1.57212283647636,2.70702909567973,0.00718880565630371,0.0355272859246314,0.0242368581242276,"10000/10379/131450/1871/207/208/2932/3452/3665/3708/3845/4772/4775/5291/5295/54205/54331/5530/5594/5599/5602/5604/578/595/5970/6416/7297/81631/842/8717/9261",31
"Human Diseases","Cancer: overview","hsa05203","Viral carcinogenesis","32/948","205/9423",0.15609756097561,1.55158999691263,2.6704277075015,0.00775297952288939,0.037768085961504,0.0257655409708053,"10379/1108/1960/23513/2959/2965/3017/3065/3665/3845/387/4055/4791/51564/5291/5295/5567/5594/578/5829/595/5970/6776/7337/7529/7532/7534/81/8717/9261/9519/998",32
"Cellular Processes","Transport and catabolism","hsa04137","Mitophagy - animal","19/948","105/9423",0.180952380952381,1.79864376130199,2.75227778747278,0.00801072571044992,0.0384740488346961,0.0262471516976936,"10370/10651/139341/1457/345778/3845/4976/5071/55288/55669/5599/5602/5970/6237/7942/81631/8887/9804/9868",19
"Human Diseases","Cancer: specific types","hsa05211","Renal cell carcinoma","14/948","70/9423",0.2,1.9879746835443,2.77475877900393,0.00897138750216405,0.0424894880310825,0.0289865005552376,"10000/10298/207/208/3845/4233/5291/5295/5594/5604/57144/673/8453/998",14
"Human Diseases","Cancer: specific types","hsa05216","Thyroid cancer","9/948","37/9423",0.243243243243243,2.41780704755388,2.88990511085708,0.00947631461825755,0.0442660723948743,0.0301984935924285,"10342/1643/3845/5594/5604/578/595/673/8030",9
"Organismal Systems","Endocrine system","hsa04919","Thyroid hormone signaling pathway","21/948","122/9423",0.172131147540984,1.71096181780452,2.64342647857546,0.00975964218276853,0.0449734862746496,0.0306810942018755,"10000/116931/207/208/23236/29079/2932/3065/3845/481/488/5291/5295/5331/5332/5567/5594/5604/595/7068/842",21
"Human Diseases","Infectious disease: bacterial","hsa05100","Bacterial invasion of epithelial cells","15/948","78/9423",0.192307692307692,1.9115141187926,2.70350336000433,0.0100532186939877,0.045708634328664,0.0311826151771407,"10096/10097/1213/2017/26052/3611/387/4233/5291/5295/5829/8936/8976/9564/998",15
"Environmental Information Processing","Signal transduction","hsa04310","Wnt signaling pathway","28/948","178/9423",0.157303370786517,1.56357559379889,2.53871872264676,0.0110498373559049,0.0495788755047839,0.0338229093581023,"144165/1457/166336/1856/22881/23236/2932/340419/387/4772/4775/51384/51701/5331/5332/5530/5567/5599/5602/595/6500/7471/7478/79718/7976/80319/817/9475",28
