donor_label,cell_type,vdac1_sum,umi_sum,n_cells,group,cpm,log2_vdac1
H19.33.004,Lamp5 Lhx6,76,2258159,62,Control,33.6557346050477,5.11502219477428
H19.33.004,Lamp5,14,563071,41,Control,24.8636495219963,4.69285395765331
H19.33.004,Pax6,46,1170500,42,Control,39.2994446817599,5.33268805373016
H19.33.004,Sncg,7,305248,24,Control,22.9321731837719,4.58087950300895
H19.33.004,Vip,132,3198311,154,Control,41.2717837633676,5.40162308665677
H19.33.004,Sst,30,1100935,67,Control,27.2495651423563,4.82015675456405
H19.33.004,Pvalb,85,2264800,81,Control,37.5309078064288,5.2679442718634
H19.33.004,L5 ET,304,11495882,178,Control,26.4442519503941,4.7784321111113
H19.33.004,Sub-CA1,3952,153358382,2264,Control,25.7697032823416,4.74252924300066
H19.33.004,DG,930,24662476,681,Control,37.7091091746019,5.27460120168648
H19.33.004,Astrocyte,159,3773587,497,Control,42.134976615088,5.43078626873204
H19.33.004,Ependymal,18,470904,63,Control,38.2243514601702,5.29367768859619
H19.33.004,OPC,51,1645471,210,Control,30.9941651964696,4.99973691844826
H19.33.004,Oligodendrocyte,14,813278,199,Control,17.2142858899417,4.1869985287144
H19.33.004,Endothelial,8,184924,38,Control,43.2610153360299,5.46796464145001
H19.33.004,VLMC & Perivascular,6,216858,42,Control,27.6678748305343,4.8413630554446
H19.33.004,Immune,44,825230,206,Control,53.318468790519,5.76337090621778
H20.33.005,Lamp5 Lhx6,19,835840,83,AD,22.7316232771822,4.56873888121124
H20.33.005,Pax6,15,765269,45,AD,19.6009507767857,4.36463901721334
H20.33.005,Vip,29,1278713,113,AD,22.6790530791507,4.56553948390623
H20.33.005,Sub-CA1,409,13798210,371,AD,29.6415259660492,4.93741624100248
H20.33.005,CA2-4,2008,90305928,2105,AD,22.2355281039801,4.53826053010978
H20.33.005,DG,155,7322692,1080,AD,21.1670789922613,4.47034677032401
H20.33.005,Astrocyte,54,1763209,586,AD,30.6259779753847,4.98303818808316
H20.33.005,Ependymal,13,399856,62,AD,32.5117042135169,5.06659315050977
H20.33.005,OPC,20,1103078,124,AD,18.1310841119123,4.25784672489985
H20.33.005,Oligodendrocyte,18,1035465,249,AD,17.3834943720937,4.20033911799574
H20.33.005,Immune,42,802453,276,AD,52.3395139653039,5.73713277386243
H20.33.008,Lamp5 Lhx6,65,3323340,85,AD,19.5586367931057,4.3616727000306
H20.33.008,Vip,49,2107586,79,AD,23.2493478320695,4.59987404251326
H20.33.008,Sst,10,461939,27,AD,21.6478799148805,4.50130409970879
H20.33.008,Pvalb,18,780564,48,AD,23.0602487432164,4.58857965256136
H20.33.008,L5 ET,417,17114663,118,AD,24.3650722190674,4.66477136298275
H20.33.008,L6 CT,62,4111536,44,AD,15.0795225920435,4.00715266780246
H20.33.008,Sub-CA1,985,48816972,1421,AD,20.1774087913523,4.40445417087663
H20.33.008,CA2-4,256,7558435,62,AD,33.8694451959963,5.12389150461849
H20.33.008,DG,480,28751000,698,AD,16.6950714757748,4.14527568414627
H20.33.008,Astrocyte,53,2168498,213,AD,24.4408802775008,4.66907668492841
H20.33.008,OPC,22,968539,61,AD,22.7146248111847,4.56770513862316
H20.33.008,Oligodendrocyte,21,1313260,166,AD,15.9907405997289,4.0866768335937
H20.33.008,VLMC & Perivascular,3,195685,26,AD,15.3307611722922,4.02952013097367
H20.33.008,Immune,54,1028346,143,AD,52.5115087723393,5.74177730160061
H20.33.011,Lamp5 Lhx6,89,5144099,104,AD,17.3013777534219,4.19388035559394
H20.33.011,Lamp5,12,1072873,65,AD,11.1849212348526,3.60702502018293
H20.33.011,Pax6,45,2244298,35,AD,20.0508132164267,4.39580406217638
H20.33.011,Sncg,7,529247,43,AD,13.2263385526985,3.8304924966275
H20.33.011,Vip,51,2983314,104,AD,17.0950828508162,4.17752580818986
H20.33.011,Sst,8,635658,27,AD,12.585383964333,3.7639834359799
H20.33.011,Pvalb,27,1548424,62,AD,17.4370844161547,4.20453862533342
H20.33.011,L5 ET,575,24398795,163,AD,23.5667376196243,4.61863438024363
H20.33.011,L6 CT,162,8025293,77,AD,20.1861788722231,4.40505150236147
H20.33.011,Sub-CA1,2704,117372948,1155,AD,23.0376764499431,4.58722554267713
H20.33.011,CA2-4,501,19300013,124,AD,25.9585317377766,4.75267001899202
H20.33.011,DG,591,28078459,1239,AD,21.0481636474423,4.46258659615529
H20.33.011,Astrocyte,63,3191549,278,AD,19.7396311320929,4.3743183299916
H20.33.011,OPC,30,1403196,74,AD,21.3797644805145,4.48412294869132
H20.33.011,Oligodendrocyte,41,3628840,452,AD,11.2983763406488,3.62039595517426
H20.33.011,Immune,41,1391642,208,AD,29.4616000379408,4.92891981826793
H20.33.013,Lamp5 Lhx6,135,6126120,201,AD,22.0367867426691,4.52586759319071
H20.33.013,Lamp5,24,1422252,84,AD,16.874646687085,4.15984282053627
H20.33.013,Pax6,69,2430129,60,AD,28.393554416247,4.87742792235678
H20.33.013,Sncg,10,390716,46,AD,25.5940376129977,4.73303092443479
H20.33.013,Vip,88,3814567,200,AD,23.0694597840332,4.58913185715501
H20.33.013,Sst,24,781771,71,AD,30.699527099368,4.98638941296543
H20.33.013,Pvalb,30,1266725,82,AD,23.6831198563224,4.62545285229113
H20.33.013,Chandelier,18,676821,21,AD,26.5949194838813,4.78633077094516
H20.33.013,Sub-CA1,4621,214269844,2674,AD,21.5662638929256,4.4960956782679
H20.33.013,CA2-4,783,31832084,315,AD,24.5978240067474,4.67794927120242
H20.33.013,DG,846,43773126,1214,AD,19.3269267541002,4.34532020422771
H20.33.013,Astrocyte,59,2851916,471,AD,20.6878463461056,4.43881489201661
H20.33.013,Ependymal,11,291664,32,AD,37.7146305337649,5.27480696900092
H20.33.013,OPC,41,1393195,152,AD,29.4287590753628,4.92736359494675
H20.33.013,Oligodendrocyte,34,2874980,585,AD,11.826169225525,3.68101844188764
H20.33.013,VLMC & Perivascular,4,183619,34,AD,21.7842380145845,4.50996421743612
H20.33.013,Immune,47,1415658,406,AD,33.2001090658902,5.09592902083386
H20.33.015,Lamp5,6,390293,39,AD,15.3730658761495,4.03325258836548
H20.33.015,Vip,55,1678118,137,AD,32.774810829751,5.07787578403138
H20.33.015,Sst,10,301772,26,AD,33.1376005726177,5.09328975420097
H20.33.015,Sub-CA1,51,2304933,71,AD,22.1264566041616,4.5314723305453
H20.33.015,CA2-4,457,10422458,116,AD,43.8476221252223,5.48695958863627
H20.33.015,DG,504,23915812,854,AD,21.0739238124133,4.46427119761539
H20.33.015,Astrocyte,100,3959334,764,AD,25.2567729825269,4.7146177114919
H20.33.015,OPC,36,994672,139,AD,36.1928354271559,5.21695283210226
H20.33.015,Oligodendrocyte,51,2384388,554,AD,21.3891363318386,4.48472697172434
H20.33.015,Endothelial,2,169393,29,AD,11.8068633296535,3.67884526745419
H20.33.015,VLMC & Perivascular,5,152915,22,AD,32.6979040643495,5.07458695662079
H20.33.015,Immune,109,2209708,537,AD,49.3277844855519,5.65328318423699
H20.33.016,Lamp5 Lhx6,92,3650085,151,AD,25.2048924888051,4.71176428490933
H20.33.016,Lamp5,22,974411,67,AD,22.5777418358372,4.55935364534056
H20.33.016,Pax6,66,2189316,48,AD,30.1464018899053,4.96099360403019
H20.33.016,Sncg,9,409314,36,AD,21.9880092056465,4.52280962690683
H20.33.016,Vip,82,2961308,144,AD,27.6904665100692,4.84249952156109
H20.33.016,Sst,26,1022042,55,AD,25.43926766219,4.72461031126553
H20.33.016,Pvalb,68,2943519,148,AD,23.1016004992664,4.59105704863246
H20.33.016,Chandelier,19,616289,30,AD,30.8296919140209,4.9923012877938
H20.33.016,L5 ET,961,29830600,344,AD,32.2152420668709,5.05377352345126
H20.33.016,L6 CT,402,15533612,195,AD,25.8793640526106,4.7484271002288
H20.33.016,Sub-CA1,2231,84927267,2284,AD,26.2695372029339,4.76921831106655
H20.33.016,CA2-4,928,28358514,307,AD,32.7238585209366,5.07569770680652
H20.33.016,DG,1103,52267309,1793,AD,21.1030569796505,4.46617401130876
H20.33.016,Astrocyte,68,3050089,611,AD,22.294431408395,4.54191321115472
H20.33.016,Ependymal,15,372695,40,AD,40.2473872737761,5.36623083275382
H20.33.016,OPC,27,884615,117,AD,30.5217524007619,4.97827583620489
H20.33.016,Oligodendrocyte,21,1576092,329,AD,13.3240952939295,3.84037211650975
H20.33.016,VLMC & Perivascular,3,151905,34,AD,19.7491853461045,4.37498278940924
H20.33.016,Immune,41,1177562,324,AD,34.8176996200625,5.16260077857365
H20.33.017,Lamp5 Lhx6,85,3511545,133,AD,24.2058694961904,4.6556878169873
H20.33.017,Lamp5,23,1341218,82,AD,17.1485918023766,4.18178570489658
H20.33.017,Pax6,41,1747518,51,AD,23.4618470310463,4.61246143587151
H20.33.017,Sncg,11,727398,54,AD,15.1223951674324,4.01099418363459
H20.33.017,Vip,95,3160748,184,AD,30.0561765759244,4.95680832079779
H20.33.017,Sst,37,1106988,78,AD,33.4240298901162,5.1053440929676
H20.33.017,Pvalb,46,2175792,106,AD,21.1417267827072,4.46869583388594
H20.33.017,L5 ET,365,15957025,259,AD,22.8739379677603,4.5773646511677
H20.33.017,L6 CT,164,6848320,115,AD,23.9474790897622,4.64082213536193
H20.33.017,Sub-CA1,2149,111727112,1957,AD,19.2343645291753,4.33873563601215
H20.33.017,CA2-4,340,11286830,141,AD,30.1236042360875,4.95993723466001
H20.33.017,DG,633,36649635,1096,AD,17.2716590492648,4.19153573013791
H20.33.017,Astrocyte,38,2015803,371,AD,18.8510484407455,4.31114330076036
H20.33.017,OPC,32,705253,119,AD,45.3737878463473,5.53523766684358
H20.33.017,Oligodendrocyte,50,3297526,727,AD,15.1628827187413,4.01461262671054
H20.33.017,Endothelial,3,66880,21,AD,44.8564593301435,5.5190530607079
H20.33.017,VLMC & Perivascular,6,118786,24,AD,50.5110029801492,5.68680872620075
H20.33.017,Immune,49,831744,249,AD,58.9123576485072,5.90478170189873
H20.33.018,Lamp5 Lhx6,67,2870015,117,AD,23.3448257239074,4.60554326778216
H20.33.018,Lamp5,13,823923,78,AD,15.7781734458196,4.0685137603617
H20.33.018,Pax6,24,1014975,34,AD,23.6459026084386,4.6232759127751
H20.33.018,Vip,112,2926332,197,AD,38.273169278127,5.29547212063151
H20.33.018,Sst,26,1169216,71,AD,22.2371229952378,4.53835955358509
H20.33.018,Pvalb,67,2057619,108,AD,32.5619077195535,5.06875281839204
H20.33.018,L5 ET,67,1913540,22,AD,35.0136396417112,5.17047150468224
H20.33.018,L6 CT,19,745698,25,AD,25.4794836515587,4.72680308483466
H20.33.018,Sub-CA1,150,2977562,43,AD,50.3767847655229,5.68304470198134
H20.33.018,CA2-4,345,7889280,88,AD,43.730226332441,5.48317815320448
H20.33.018,DG,309,14119188,710,AD,21.8851112401081,4.51633739950509
H20.33.018,Astrocyte,171,8192957,1710,AD,20.8715851920131,4.45098588160982
H20.33.018,OPC,17,700602,83,AD,24.2648465177091,4.65905951059179
H20.33.018,Oligodendrocyte,11,393585,109,AD,27.9482195713759,4.85540271444782
H20.33.018,VLMC & Perivascular,2,201061,44,AD,9.94722994514103,3.45249395558349
H20.33.018,Immune,64,1694473,451,AD,37.7698552883404,5.27686344500913
H20.33.019,Lamp5 Lhx6,123,7308030,178,AD,16.8308011871872,4.15629962358293
H20.33.019,Lamp5,19,1664620,86,AD,11.4140164121541,3.63389805325899
H20.33.019,Pax6,108,4108622,56,AD,26.2861854899283,4.77009882004511
H20.33.019,Sncg,8,467451,43,AD,17.1140932418585,4.17904068382977
H20.33.019,Vip,137,5939120,235,AD,23.0673904551516,4.58900781868958
H20.33.019,Sst,29,1485543,68,AD,19.521481370785,4.35906297247688
H20.33.019,Pvalb,27,1357319,65,AD,19.8921550497709,4.38488941061739
H20.33.019,Chandelier,14,653815,23,AD,21.412784962107,4.48625002090595
H20.33.019,L5 ET,301,14811632,141,AD,20.3218659496806,4.41426179370464
H20.33.019,L6 CT,136,7151882,71,AD,19.0159736975526,4.32307989369861
H20.33.019,Sub-CA1,1880,95812882,2081,AD,19.6215786516055,4.3660828750068
H20.33.019,CA2-4,785,27358851,267,AD,28.6927254364593,4.89203761641013
H20.33.019,DG,1362,90204386,2454,AD,15.0990440753069,4.00890312181375
H20.33.019,Astrocyte,199,6908665,730,AD,28.8044072190503,4.89745377466679
H20.33.019,Ependymal,11,291152,35,AD,37.7809529043249,5.27727634787962
H20.33.019,OPC,123,2794401,227,AD,44.0165888861334,5.4923848361862
H20.33.019,Oligodendrocyte,41,2946911,502,AD,13.9128735139948,3.89848636759678
H20.33.019,Immune,116,2374629,359,AD,48.8497361061454,5.63951396221168
H20.33.020,Lamp5 Lhx6,34,1204548,41,AD,28.2263554461923,4.86919802982919
H20.33.020,Lamp5,29,1349367,71,AD,21.4915586345301,4.4913117362784
H20.33.020,Pax6,32,1190064,30,AD,26.889310154748,4.80164034446934
H20.33.020,Vip,69,2859490,140,AD,24.1301770595456,4.65134893092998
H20.33.020,Sst,8,558916,21,AD,14.3134209791811,3.93672470812202
H20.33.020,Pvalb,32,989646,33,AD,32.3347944618581,5.05895692655391
H20.33.020,L5 ET,345,12531553,97,AD,27.5305063945387,4.83443344876129
H20.33.020,L6 CT,14,852531,23,AD,16.421690237657,4.12281269466751
H20.33.020,Sub-CA1,591,20094410,289,AD,29.4111645975174,4.92652916041397
H20.33.020,CA2-4,94,3311965,37,AD,28.3819424420246,4.87685787059239
H20.33.020,DG,434,20661601,1188,AD,21.0051486329641,4.45976921128313
H20.33.020,Astrocyte,242,13425698,1359,AD,18.0251335908196,4.24983467897815
H20.33.020,Ependymal,27,770184,68,AD,35.0565579134337,5.172189773459
H20.33.020,OPC,35,1872927,128,AD,18.6873273758134,4.29919536847491
H20.33.020,Oligodendrocyte,54,3798527,518,AD,14.2160369006196,3.92752074490224
H20.33.020,VLMC & Perivascular,11,509636,57,AD,21.5840325251748,4.49723120653622
H20.33.020,Immune,179,4209143,655,AD,42.5264715406438,5.44382116814575
H20.33.025,Lamp5 Lhx6,72,3617674,145,AD,19.9022908089563,4.38558915956721
H20.33.025,Lamp5,1,293957,41,AD,3.40185809489143,2.13811263702949
H20.33.025,Pax6,23,601063,20,AD,38.2655395524263,5.29519181636804
H20.33.025,Vip,36,1225191,75,AD,29.3831737255661,4.92520067173816
H20.33.025,Sst,16,461128,24,AD,34.6975243316389,5.15775211988927
H20.33.025,Sub-CA1,215,5437065,156,AD,39.543393356526,5.34139493785483
H20.33.025,CA2-4,2825,71692906,863,AD,39.4041775904578,5.33643256304872
H20.33.025,DG,639,33235131,2078,AD,19.2266430362498,4.33818499427793
H20.33.025,Astrocyte,58,3656879,596,AD,15.8605193116863,4.07557706751708
H20.33.025,Ependymal,8,368985,32,AD,21.6810981476212,4.50341858762665
H20.33.025,OPC,16,607041,63,AD,26.3573630117241,4.77385726980214
H20.33.025,Oligodendrocyte,31,2387080,358,AD,12.9865777435193,3.80597109981793
H20.33.025,Immune,81,3088028,598,AD,26.2303321083876,4.76714267286959
H20.33.026,Lamp5 Lhx6,87,4731961,112,AD,18.3856122229241,4.27691439288743
H20.33.026,Lamp5,27,1862252,120,AD,14.4985748437913,3.95406365488212
H20.33.026,Pax6,46,1600649,43,AD,28.7383430096167,4.89425235900915
H20.33.026,Sncg,12,536725,58,AD,22.3578182495692,4.54583361963936
H20.33.026,Vip,137,5742104,295,AD,23.8588503447517,4.63568767203891
H20.33.026,Sst,46,1969162,96,AD,23.3601907816625,4.60645352692802
H20.33.026,Pvalb,133,4535024,113,AD,29.3272979371223,4.92254505917422
H20.33.026,L5 ET,587,22332784,168,AD,26.2842286031155,4.76999535039224
H20.33.026,L6 CT,265,12564119,120,AD,21.091809143164,4.46543966364833
H20.33.026,Sub-CA1,1416,58992203,622,AD,24.0031720802154,4.64403923193833
H20.33.026,CA2-4,709,24396420,202,AD,29.0616410112631,4.90985186043545
H20.33.026,DG,870,50808123,1724,AD,17.1232462179325,4.17976948752612
H20.33.026,Astrocyte,98,4074880,623,AD,24.0497879692163,4.64672648684857
H20.33.026,Ependymal,11,209431,31,AD,52.5232654191595,5.74209423142573
H20.33.026,OPC,29,1507271,137,AD,19.2400702992362,4.33914239579821
H20.33.026,Oligodendrocyte,36,2814889,488,AD,12.7891366231493,3.78546022334947
H20.33.026,VLMC & Perivascular,7,297597,35,AD,23.5217424906837,4.61598959403633
H20.33.026,Immune,102,2917953,492,AD,34.956011971406,5.16816110939555
H20.33.027,Lamp5 Lhx6,72,3508021,108,AD,20.5243925278669,4.42790061662558
H20.33.027,Lamp5,51,2950389,158,AD,17.2858562040463,4.19265627488423
H20.33.027,Pax6,26,1501410,38,AD,17.3170553013501,4.19511568546168
H20.33.027,Sncg,29,1550799,92,AD,18.7000378514559,4.30012649655152
H20.33.027,Vip,111,4486126,161,AD,24.7429519367044,4.68610559134655
H20.33.027,Sst,21,1275407,67,AD,16.4653322429624,4.12642218226458
H20.33.027,Pvalb,71,2986249,55,AD,23.7756463041093,4.63085078731715
H20.33.027,Sub-CA1,3401,115274378,1302,AD,29.5035207216646,4.93090386328571
H20.33.027,CA2-4,245,9704674,106,AD,25.2455672390438,4.71400187338907
H20.33.027,DG,579,30320636,728,AD,19.0959055080507,4.3288296806215
H20.33.027,Astrocyte,36,3331151,518,AD,10.8070753922593,3.5615797489025
H20.33.027,Ependymal,0,234070,25,AD,0,0
H20.33.027,OPC,12,704886,69,AD,17.0240294175228,4.17184966823821
H20.33.027,Oligodendrocyte,56,4797268,826,AD,11.6733107260216,3.66372155260041
H20.33.027,VLMC & Perivascular,11,444944,69,AD,24.7222122334496,4.68494282157257
H20.33.027,Immune,50,1992550,412,AD,25.0934731876239,4.7056170826252
H20.33.029,Lamp5 Lhx6,119,6544941,314,AD,18.1819820835665,4.26167989732829
H20.33.029,Lamp5,15,946175,128,AD,15.8533040927947,4.0749595546027
H20.33.029,Pax6,35,1529896,74,AD,22.8773720566627,4.57757215722504
H20.33.029,Sncg,1,123066,30,AD,8.12572115775275,3.18993857198724
H20.33.029,Vip,89,3877451,282,AD,22.9532236513111,4.5821479234081
H20.33.029,Sst,26,1127872,70,AD,23.0522612495035,4.58810062880324
H20.33.029,Pvalb,8,443123,28,AD,18.0536780984061,4.25199761555239
H20.33.029,Chandelier,14,509024,26,AD,27.5036147607971,4.83307298492914
H20.33.029,Sub-CA1,502,21197039,1131,AD,23.6825530207309,4.62541972113544
H20.33.029,CA2-4,2005,77438565,1104,AD,25.8914921783481,4.74907790582796
H20.33.029,DG,833,38844761,1717,AD,21.4443332525588,4.48827933404506
H20.33.029,Astrocyte,87,7022708,924,AD,12.388383512457,3.74290987785408
H20.33.029,Ependymal,18,727151,60,AD,24.7541432247222,4.68673264092781
H20.33.029,OPC,28,1352797,152,AD,20.6978578456339,4.4394807123022
H20.33.029,Oligodendrocyte,28,2545836,453,AD,10.9983518184204,3.58476433516269
H20.33.029,VLMC & Perivascular,6,201130,43,AD,29.8314522945359,4.94633094309914
H20.33.029,Immune,57,2025399,488,AD,28.142603013036,4.86505783935497
H20.33.031,Lamp5 Lhx6,56,2647451,119,AD,21.1524217067662,4.46939251797306
H20.33.031,Lamp5,18,794337,64,AD,22.6604073585896,4.5644030074982
H20.33.031,Pax6,50,2113998,47,AD,23.6518672203096,4.62362502049494
H20.33.031,Vip,74,2932053,178,AD,25.2382886666783,4.71360172137499
H20.33.031,Sst,20,1234143,80,AD,16.2055774735991,4.1048044091835
H20.33.031,Pvalb,86,2761612,134,AD,31.1412320050753,5.00635332488192
H20.33.031,L5 ET,856,35293212,376,AD,24.2539556898363,4.65843747907402
H20.33.031,L6 CT,321,16171043,235,AD,19.850296607337,4.3819960018614
H20.33.031,Sub-CA1,2555,97863081,1686,AD,26.1079047776965,4.76064170368669
H20.33.031,DG,602,30401496,1689,AD,19.8016571289781,4.37862655770226
H20.33.031,Astrocyte,74,4571571,789,AD,16.186995673916,4.10324547535514
H20.33.031,Ependymal,10,209069,28,AD,47.8310988238333,5.6097283375332
H20.33.031,OPC,25,999207,110,AD,25.0198407337018,4.70154022629735
H20.33.031,Oligodendrocyte,50,3562716,696,AD,14.0342368013617,3.91017972762552
H20.33.031,VLMC & Perivascular,9,177014,31,AD,50.8434361123979,5.69608943614293
H20.33.031,Immune,79,2166935,423,AD,36.4570233994098,5.22716435224903
H20.33.033,Lamp5 Lhx6,39,1595991,29,AD,24.4362280238422,4.6688128419733
H20.33.033,Lamp5,14,601708,22,AD,23.2670996563117,4.60092978633911
H20.33.033,Vip,139,4538054,115,AD,30.6298691024831,4.98321568028459
H20.33.033,Sub-CA1,208,6112936,71,AD,34.0262027935513,5.13036268828427
H20.33.033,Astrocyte,209,5055281,476,AD,41.3429045784003,5.4040483315717
H20.33.033,OPC,57,1674767,85,AD,34.034585109451,5.13070790637272
H20.33.033,Oligodendrocyte,87,4556745,618,AD,19.0925759505963,4.32859063023371
H20.33.033,Endothelial,7,228762,20,AD,30.5994876771492,4.98182926304835
H20.33.033,VLMC & Perivascular,5,217118,34,AD,23.0289519984525,4.58670182285551
H20.33.033,Immune,144,2116581,279,AD,68.0342495751403,6.10924039058987
H20.33.035,Lamp5 Lhx6,104,4853214,176,Control,21.4290983253572,4.48729971853567
H20.33.035,Lamp5,7,505513,47,Control,13.8473194556817,3.89213058436
H20.33.035,Pax6,30,844405,28,Control,35.5279753198998,5.19092988480708
H20.33.035,Vip,44,1941562,126,Control,22.6621658231877,4.56451022601933
H20.33.035,Sst,22,1355261,83,Control,16.2330355555129,4.10710494590778
H20.33.035,Pvalb,50,2343727,91,Control,21.3335426864989,4.48114021352877
H20.33.035,L5 ET,96,3986346,62,Control,24.0822046054206,4.64859225457136
H20.33.035,L6 CT,94,3980582,76,Control,23.614637256562,4.62144457376483
H20.33.035,Sub-CA1,3162,131062179,3545,Control,24.12595322408,4.65110642493282
H20.33.035,CA2-4,1344,52408684,826,Control,25.6446050047736,4.73577154078778
H20.33.035,DG,401,20865325,770,Control,19.2184880896895,4.33760321344086
H20.33.035,Astrocyte,73,4048105,606,Control,18.033129081385,4.25044085771295
H20.33.035,Ependymal,10,170978,28,Control,58.487056814327,5.89450389606293
H20.33.035,OPC,19,886080,124,Control,21.4427591188155,4.48817814705226
H20.33.035,Oligodendrocyte,37,2871419,726,Control,12.8856150913538,3.79551918054907
H20.33.035,VLMC & Perivascular,1,80968,24,Control,12.3505582452327,3.73882816345116
H20.33.035,Immune,37,1102675,290,Control,33.5547645498447,5.11081274380822
H20.33.036,Lamp5 Lhx6,6,347189,22,AD,17.2816535086077,4.19232465766764
H20.33.036,Lamp5,10,493425,38,AD,20.2665045346304,4.41051101934869
H20.33.036,Vip,17,606128,42,AD,28.046881186812,4.86031136220493
H20.33.036,L5 ET,31,1718032,31,AD,18.0439013941533,4.2512571589019
H20.33.036,Sub-CA1,115,4966085,147,AD,23.1570744358987,4.59437384125623
H20.33.036,CA2-4,35,1380261,20,AD,25.357522961237,4.72014288938146
H20.33.036,DG,166,6842941,456,AD,24.2585753698593,4.6587013656518
H20.33.036,Astrocyte,10,1095041,224,AD,9.13207815963055,3.3408582061539
H20.33.036,Ependymal,8,364765,28,AD,21.9319287760613,4.51928579819828
H20.33.036,OPC,6,392078,46,AD,15.303077448875,4.02707241524329
H20.33.036,Oligodendrocyte,30,2628927,437,AD,11.4114998248335,3.63360555838999
H20.33.036,VLMC & Perivascular,7,204418,26,AD,34.2435597647957,5.13928774546936
H20.33.036,Immune,25,698004,169,AD,35.8164136595206,5.20227719339431
H20.33.037,Sub-CA1,7,454427,20,AD,15.404014286123,4.03597700009708
H20.33.037,DG,191,8762161,589,AD,21.798275562387,4.5108527994669
H20.33.037,Astrocyte,30,1627108,329,AD,18.4376206127682,4.28077972225421
H20.33.037,OPC,7,304447,38,AD,22.9925077271249,4.58451205270243
H20.33.037,Oligodendrocyte,5,466326,110,AD,10.7221128566711,3.55116072719977
H20.33.037,Immune,2,193649,36,AD,10.3279645131139,3.50181674592632
H20.33.039,Lamp5 Lhx6,68,2682055,121,AD,25.3536933433505,4.71993325768898
H20.33.039,Lamp5,48,1386576,103,AD,34.6176480769896,5.15452034968487
H20.33.039,Pax6,35,1178049,50,AD,29.7101393914854,4.94064315552249
H20.33.039,Sncg,4,463281,39,AD,8.63406874013828,3.26814521774914
H20.33.039,Vip,91,3188562,212,AD,28.5395109143244,4.88457403448634
H20.33.039,Sst,29,1013662,76,AD,28.6091419033169,4.88797077554914
H20.33.039,Pvalb,77,2218245,122,AD,34.7121260275578,5.15834211842527
H20.33.039,L5 ET,223,6728646,111,AD,33.1418832258377,5.09347073279738
H20.33.039,L6 CT,127,4440576,78,AD,28.5998933471694,4.88752007250554
H20.33.039,Sub-CA1,266,7612315,240,AD,34.9433779343078,5.1676540936092
H20.33.039,CA2-4,463,11230544,158,AD,41.2268541933499,5.40008886846036
H20.33.039,DG,2618,106616962,3922,AD,24.5551922591829,4.67554454008291
H20.33.039,Astrocyte,111,5049877,826,AD,21.9807333921202,4.5223529348336
H20.33.039,OPC,26,1059700,161,AD,24.5352458242899,4.67441804263074
H20.33.039,Oligodendrocyte,14,1031299,254,AD,13.5751125522278,3.86543511916486
H20.33.039,Immune,61,1357464,310,AD,44.9367349705038,5.52157641330847
H20.33.040,Lamp5 Lhx6,42,1756371,71,AD,23.9129432221325,4.63882356693351
H20.33.040,Lamp5,15,424508,49,AD,35.3350231326618,5.18328891970043
H20.33.040,Vip,48,1535898,101,AD,31.2520753331276,5.01132009190323
H20.33.040,Sub-CA1,1289,45284131,709,AD,28.4647175850631,4.8809165331257
H20.33.040,CA2-4,828,26614994,286,AD,31.1102831734623,5.00496348281459
H20.33.040,DG,1201,62645266,2149,AD,19.171440664008,4.3342422212079
H20.33.040,Astrocyte,60,2985364,800,AD,20.0980516948687,4.39903787391795
H20.33.040,Ependymal,4,270685,34,AD,14.7773241960212,3.9797806426679
H20.33.040,OPC,12,880938,100,AD,13.6218439890208,3.8700533587126
H20.33.040,Oligodendrocyte,31,2308823,480,AD,13.426754671103,3.85067489392081
H20.33.040,Immune,57,1498619,404,AD,38.0350175728454,5.28669701403627
H20.33.046,Lamp5,9,938931,80,AD,9.58536889292184,3.40399964205199
H20.33.046,Vip,19,1760012,118,AD,10.7953809405845,3.56015010712455
H20.33.046,Pvalb,5,373101,21,AD,13.4011969949156,3.84811682508681
H20.33.046,Sub-CA1,55,2562264,42,AD,21.465391544353,4.48963230138142
H20.33.046,DG,234,16082905,699,AD,14.5496102849578,3.95880651787962
H20.33.046,Astrocyte,77,5739358,600,AD,13.4161346965985,3.84961249097989
H20.33.046,Ependymal,15,496764,44,AD,30.1954247892359,4.96326254968352
H20.33.046,OPC,53,2154236,161,AD,24.6026897702944,4.67822347989458
H20.33.046,Oligodendrocyte,119,10811843,1909,AD,11.006449131753,3.58573763664991
H20.33.046,VLMC & Perivascular,12,385141,62,AD,31.1574202694598,5.00707977025567
H20.33.046,Immune,77,2874880,679,AD,26.7837266251113,4.79616821555241
H21.33.002,Lamp5 Lhx6,144,7524170,366,AD,19.1383235625989,4.33187168445892
H21.33.002,Lamp5,55,2675548,234,AD,20.5565364553355,4.43005349004098
H21.33.002,Pax6,81,3462131,138,AD,23.3959951255455,4.6085724276454
H21.33.002,Sncg,23,1170857,92,AD,19.6437310448671,4.36763183471206
H21.33.002,Vip,238,9342255,578,AD,25.4756480100361,4.72659409050911
H21.33.002,Sst,125,4324170,238,AD,28.9072816286131,4.90242487999707
H21.33.002,Pvalb,299,10752437,306,AD,27.807649558886,4.84838004944723
H21.33.002,Chandelier,28,893910,32,AD,31.3230638431162,5.01449204983884
H21.33.002,L5 ET,928,21747963,303,AD,42.6706629949665,5.44859252873714
H21.33.002,L6 CT,461,15586515,272,AD,29.5768489620675,4.93436783510375
H21.33.002,Sub-CA1,662,18375223,340,AD,36.0267736614679,5.21049694022771
H21.33.002,CA2-4,349,12824742,184,AD,27.2130230767995,4.81828935649443
H21.33.002,DG,1329,58744640,1927,AD,22.623340614565,4.56214108787326
H21.33.002,Astrocyte,117,7064505,821,AD,16.5616699259184,4.13435813106435
H21.33.002,Ependymal,19,370496,45,AD,51.2826049404042,5.70825911897745
H21.33.002,OPC,21,969087,125,AD,21.6698810323531,4.50270491496983
H21.33.002,Oligodendrocyte,55,2900350,591,AD,18.9632285758615,4.31927315592908
H21.33.002,VLMC & Perivascular,4,262868,37,AD,15.2167627858849,4.01941395027076
H21.33.002,Immune,106,3058309,564,AD,34.6596763113211,5.15622170233229
H21.33.003,Lamp5 Lhx6,87,3950497,157,Control,22.0225455176906,4.52497545063027
H21.33.003,Lamp5,12,1079071,92,Control,11.120676952675,3.59939837199803
H21.33.003,Pax6,29,1956247,56,Control,14.8243038839165,3.9840701313302
H21.33.003,Sncg,10,639641,43,Control,15.6337695676168,4.05604324608855
H21.33.003,Vip,75,3351929,214,Control,22.3751756078366,4.54690529828778
H21.33.003,Sst,17,1216933,130,Control,13.9695447489714,3.90395844197586
H21.33.003,Pvalb,144,6896011,197,Control,20.8816372247666,4.45164878218073
H21.33.003,Chandelier,29,850488,29,Control,34.0980707546726,5.13331982658071
H21.33.003,L5 ET,291,10786654,141,Control,26.9777819887428,4.80620968853089
H21.33.003,L6 CT,56,3317965,54,Control,16.8778151668267,4.16009853159981
H21.33.003,Sub-CA1,6155,222864817,3435,Control,27.6176387231189,4.8388327333047
H21.33.003,CA2-4,358,12804986,166,Control,27.9578595400261,4.85588306246336
H21.33.003,DG,265,17363228,917,Control,15.2621390446523,4.023445130046
H21.33.003,Astrocyte,80,3028614,590,Control,26.4147230383271,4.77687899353574
H21.33.003,OPC,26,1031562,158,Control,25.2044957065111,4.71174244012665
H21.33.003,Oligodendrocyte,44,3807414,897,Control,11.5564002233537,3.65035101418966
H21.33.003,VLMC & Perivascular,2,125366,29,Control,15.95328877048,4.08349326397881
H21.33.003,Immune,58,939171,276,Control,61.7565917175892,5.97169509719891
H21.33.004,Lamp5 Lhx6,166,6402401,202,Control,25.9277730338978,4.7510230166764
H21.33.004,Lamp5,48,2666046,154,Control,18.0041904753331,4.24824566667516
H21.33.004,Pax6,83,2689796,61,Control,30.8573586993214,4.99355475254297
H21.33.004,Sncg,10,761636,55,Control,13.1296314775037,3.82065193334682
H21.33.004,Vip,164,6057408,337,Control,27.0742865595317,4.8111774553546
H21.33.004,Sst,42,2669140,132,Control,15.7354054114809,4.06483159530222
H21.33.004,Pvalb,89,4473804,168,Control,19.8935849670661,4.38498814930626
H21.33.004,Chandelier,30,854330,29,Control,35.1152365011178,5.17453571280548
H21.33.004,L5 ET,320,11498886,127,Control,27.8287827186042,4.84943801590648
H21.33.004,L6 CT,78,4003756,56,Control,19.4817066774299,4.35626403056108
H21.33.004,Sub-CA1,3895,167720368,2492,Control,23.2231782367661,4.59831626320625
H21.33.004,CA2-4,675,24716669,221,Control,27.3095051764459,4.82321462739748
H21.33.004,DG,1267,61105097,1438,Control,20.7347678377796,4.44193278028606
H21.33.004,Astrocyte,89,4738971,673,Control,18.7804483293947,4.30600322044164
H21.33.004,Ependymal,2,115228,22,Control,17.3568924219808,4.19824994520463
H21.33.004,OPC,28,1542168,171,Control,18.1562579433629,4.25974386192101
H21.33.004,Oligodendrocyte,82,7161184,1408,Control,11.4506204560587,3.63814573329115
H21.33.004,Immune,45,1343111,339,Control,33.5043045585957,5.10870445034196
H21.33.026,Lamp5 Lhx6,88,5102223,148,AD,17.2473841304075,4.18961775490296
H21.33.026,Lamp5,35,1779451,142,AD,19.6689877945501,4.3693958334553
H21.33.026,Pax6,61,2694961,77,AD,22.6348359030057,4.56284294296697
H21.33.026,Sncg,28,1056232,112,AD,26.5093274962319,4.78184896628593
H21.33.026,Vip,145,5582139,332,AD,25.9757057285747,4.75358879835585
H21.33.026,Sst,17,969135,82,AD,17.5414157986245,4.21267950539173
H21.33.026,Pvalb,67,2680790,164,AD,24.9926327686988,4.70003086528758
H21.33.026,Chandelier,35,1295609,34,AD,27.0143229940514,4.80809272309972
H21.33.026,L5 ET,36,1928770,24,AD,18.6647448892299,4.29753956520428
H21.33.026,Sub-CA1,2859,100623838,1623,AD,28.4127504657495,4.87836979573111
H21.33.026,CA2-4,220,10087497,117,AD,21.8091762505605,4.51154243979735
H21.33.026,DG,566,29995509,1276,AD,18.8694914295337,4.31248304138136
H21.33.026,Astrocyte,68,4783544,618,AD,14.2154018025129,3.92746052738192
H21.33.026,Ependymal,14,664361,61,AD,21.0728805574078,4.46420301153286
H21.33.026,OPC,30,1011434,92,AD,29.6608577524584,4.93832615254643
H21.33.026,Oligodendrocyte,49,4011714,686,AD,12.2142306256129,3.72402052403444
H21.33.026,VLMC & Perivascular,6,193940,44,AD,30.9374033206146,4.99717511368656
H21.33.026,Immune,89,2731971,546,AD,32.5772125692403,5.06941056401135
H21.33.027,Lamp5 Lhx6,80,3193175,154,AD,25.0534342777956,4.70340165122915
H21.33.027,Lamp5,12,366309,43,AD,32.7592278649992,5.07721000224776
H21.33.027,Pax6,34,1244092,48,AD,27.3291685823878,4.82421635633979
H21.33.027,Sncg,6,197553,37,AD,30.3715964829691,4.9713870438794
H21.33.027,Vip,65,2549970,205,AD,25.4904959666192,4.72740294961354
H21.33.027,Sst,9,613640,69,AD,14.6665797536015,3.96961834737802
H21.33.027,Pvalb,31,1180704,104,AD,26.2555221291704,4.76847665289655
H21.33.027,L5 ET,94,3494943,46,AD,26.8960037402613,4.80198655754938
H21.33.027,L6 CT,22,1443592,39,AD,15.2397630355391,4.02145867630536
H21.33.027,Sub-CA1,1389,54076468,1218,AD,25.6858491571602,4.7380030142268
H21.33.027,CA2-4,148,5018654,65,AD,29.4899787871409,4.93026324150602
H21.33.027,DG,691,31272009,1840,AD,22.0964377440541,4.52959845106157
H21.33.027,Astrocyte,59,4009050,571,AD,14.7167034584253,3.97422674232378
H21.33.027,Ependymal,11,395268,36,AD,27.8292196686805,4.84945988227999
H21.33.027,OPC,12,800240,74,AD,14.9955013495951,3.99959430667445
H21.33.027,Oligodendrocyte,34,2561956,484,AD,13.2711100424832,3.835025650479
H21.33.027,VLMC & Perivascular,7,300442,61,AD,23.299006130967,4.60282540134195
H21.33.027,Immune,58,1785613,416,AD,32.4818423700992,5.06530701062136
H21.33.033,Lamp5 Lhx6,8,314170,22,AD,25.4639208072063,4.72595491727741
H21.33.033,Lamp5,16,691483,73,AD,23.1386744142662,4.59327454693415
H21.33.033,Pax6,23,894985,30,AD,25.6987547277329,4.73870054878444
H21.33.033,Sncg,1,271954,34,AD,3.67709244945836,2.22561194598091
H21.33.033,Vip,28,1701498,112,AD,16.4560875181752,4.12565833480318
H21.33.033,Pvalb,4,250686,25,AD,15.9562161429039,4.08374235671549
H21.33.033,L5 ET,27,956204,20,AD,28.2366524298162,4.86970622836032
H21.33.033,Sub-CA1,641,26164598,703,AD,24.4987520924266,4.67235473828046
H21.33.033,DG,429,22507429,1123,AD,19.0603733549487,4.32627655190029
H21.33.033,Astrocyte,58,3609418,482,AD,16.0690726316542,4.0933127732848
H21.33.033,OPC,43,1581349,122,AD,27.1919734353391,4.81721256483996
H21.33.033,Oligodendrocyte,30,2346408,429,AD,12.7855002199106,3.78507971273899
H21.33.033,VLMC & Perivascular,4,193458,27,AD,20.6763225092785,4.43804811229627
H21.33.033,Immune,91,3018962,546,AD,30.1428106746624,4.96082725007533
H21.33.035,Lamp5 Lhx6,17,916521,51,AD,18.548402055163,4.28897877703316
H21.33.035,Lamp5,11,725973,75,AD,15.1520786585727,4.01364793642821
H21.33.035,Pax6,11,534070,26,AD,20.596551013912,4.43272902614525
H21.33.035,Sncg,6,268113,38,AD,22.378623938414,4.54711811048618
H21.33.035,Vip,50,1541381,152,AD,32.4384431882838,5.06343577553504
H21.33.035,Sst,12,326558,23,AD,36.7469178522651,5.23828694380756
H21.33.035,Sub-CA1,303,8828126,347,AD,34.32212000599,5.14250002989926
H21.33.035,CA2-4,565,17698722,264,AD,31.9232089187005,5.04103305231998
H21.33.035,DG,427,19713524,970,AD,21.6602571919663,4.5020923306031
H21.33.035,Astrocyte,54,2939200,599,AD,18.3723462166576,4.27592678657528
H21.33.035,Ependymal,9,278068,25,AD,32.3661838111541,5.06031478555633
H21.33.035,OPC,5,371049,52,AD,13.4753091909694,3.85552225923412
H21.33.035,Oligodendrocyte,27,1813011,445,AD,14.8923531076204,3.99026084860808
H21.33.035,VLMC & Perivascular,4,149728,32,AD,26.7151100662535,4.79260083196283
H21.33.035,Immune,37,1473154,382,AD,25.1161792996523,4.70687194626539
H21.33.036,Lamp5 Lhx6,41,2944608,182,AD,13.9237548767102,3.89953866402371
H21.33.036,Lamp5,29,1896652,210,AD,15.2901006615868,4.02592361363867
H21.33.036,Pax6,24,1314858,68,AD,18.2529216082649,4.26700548458733
H21.33.036,Sncg,1,242749,41,AD,4.11948143967637,2.35599768477696
H21.33.036,Vip,45,2719772,234,AD,16.5455045496461,4.13302953027669
H21.33.036,Sst,7,478863,40,AD,14.6179596251955,3.96513408288158
H21.33.036,Pvalb,20,775937,109,AD,25.775288457697,4.74283021250518
H21.33.036,Chandelier,10,524933,21,AD,19.0500501968823,4.32553394347292
H21.33.036,L5 ET,318,16665910,197,AD,19.0808662713287,4.32774960214381
H21.33.036,L6 CT,22,2061100,57,AD,10.6739119887439,3.54521619158135
H21.33.036,Sub-CA1,722,34729751,719,AD,20.7890923260579,4.44553419386667
H21.33.036,CA2-4,841,40313235,423,AD,20.8616351429003,4.45032940643378
H21.33.036,DG,1142,65331047,2757,AD,17.4802035546744,4.20790874264252
H21.33.036,Astrocyte,57,4445962,431,AD,12.820622398482,3.7887506824648
H21.33.036,Ependymal,10,537811,40,AD,18.5938926500202,4.29233213613742
H21.33.036,OPC,30,1397875,107,AD,21.4611463829026,4.48935965747548
H21.33.036,Oligodendrocyte,52,5744184,964,AD,9.05263480417758,3.32950177745831
H21.33.036,VLMC & Perivascular,4,211488,43,AD,18.9136026630353,4.31568234426876
H21.33.036,Immune,52,2159980,428,AD,24.0742969842313,4.64813734700772
H21.33.039,Lamp5,6,342752,37,AD,17.5053683129493,4.20987194481772
H21.33.039,Vip,5,259478,28,AD,19.2694563700969,4.34123549091059
H21.33.039,DG,484,25341783,1414,AD,19.0988929232012,4.32904413269982
H21.33.039,Astrocyte,108,7229548,821,AD,14.9386932627047,3.99446144939179
H21.33.039,OPC,17,881426,57,AD,19.2869282276674,4.34247852892207
H21.33.039,Oligodendrocyte,27,2674397,433,AD,10.0957337298838,3.47193316697069
H21.33.039,VLMC & Perivascular,7,357038,44,AD,19.605756250035,4.36497550770033
H21.33.039,Immune,59,1276748,244,AD,46.2111552162212,5.56105587976367
