"sample_id","signature_score"
"GSM3577568",0.118462059594536
"GSM3577569",-1.86057305895654
"GSM3577570",-1.40067428420892
"GSM3577571",-0.392832004267512
"GSM3577572",-0.817516889126178
"GSM3577573",-1.18509511919318
"GSM3577574",0.775320922208079
"GSM3577575",-0.402809332663986
"GSM3577576",1.31651893150758
"GSM3577577",-1.28455356868984
"GSM3577578",-0.978803702355613
"GSM3577579",-0.209060448772417
"GSM3577580",1.20251517959512
"GSM3577581",0.781461415125295
"GSM3577582",-0.715248790696286
"GSM3577583",0.29883858221837
"GSM3577584",-0.00505704629863651
"GSM3577585",1.2433887148162
"GSM3577586",-0.960764258208892
"GSM3577587",1.78605029991824
"GSM3577588",-1.63133148524054
"GSM3577589",1.45783027776433
"GSM3577590",-0.621745551991717
"GSM3577591",0.966821180834362
"GSM3577592",0.882671131859678
"GSM3577593",0.260087957687607
"GSM3577594",-1.45284887683657
"GSM3577595",0.524369789107604
"GSM3577596",0.365431311957445
"GSM3577597",-1.24711013256011
"GSM3577598",0.185993087503681
"GSM3577599",0.539917577415265
"GSM3577600",-0.434505627100344
"GSM3577601",0.387196003357443
"GSM3577602",0.566765559814418
"GSM3577603",-0.0640682402015092
"GSM3577604",1.08865404293231
"GSM3577606",0.234861747939531
"GSM3577607",-0.381543025222204
"GSM3577608",0.128714101882515
"GSM3577609",0.157863292622478
"GSM3577610",1.53459463514608
"GSM3577611",-1.83741936829092
"GSM3577612",-1.22129958652283
"GSM3577613",1.15265584333593
"GSM3577614",0.550096899530561
"GSM3577615",-0.365314279861541
"GSM3577616",-1.29945225384044
"GSM3577617",-1.29302180700517
"GSM3577618",0.828489550410758
"GSM3577619",-0.257174955774991
"GSM3577620",1.06717903859353
"GSM3577621",-0.418841555005595
"GSM3577622",0.709964843921518
"GSM3577623",-0.0840413931694956
"GSM3577624",0.915969397092118
"GSM3577625",-1.0654526951266
"GSM3577626",0.924558023987181
"GSM3577627",1.42796122228221
"GSM3577628",1.0872938535051
"GSM3577629",1.1314614596395
"GSM3577630",-0.666787168425919
"GSM3577631",-1.44592276708759
"GSM3577632",0.819282093701277
"GSM3577633",-0.238971203822466
"GSM3577634",1.66361349458392
"GSM3577635",1.63272635976671
"GSM3577636",-0.93443699141108
"GSM3577637",-0.325328559976847
"GSM3577638",-0.605555705236743
"GSM3577639",-1.53662427771877
"GSM3577640",0.107682158959209
"GSM3577641",0.703909056824563
"GSM3577642",1.92059936728113
"GSM3577643",-0.389417473684146
"GSM3577644",0.74613250270876
"GSM3577645",-1.07183338566315
"GSM3577646",-0.969233215652704
"GSM3577647",0.841104831536346
"GSM3577648",0.0508362450474928
"GSM3577649",-0.145837436476046
"GSM3577650",-0.155497831894302
"GSM3577651",0.804125962388644
"GSM3577652",1.61051642540953
"GSM3577653",0.358741501907351
"GSM3577654",-0.892017390408423
"GSM3577655",1.10455222042547
"GSM3577656",-1.15260873350024
"GSM3577657",0.457163674294507
"GSM3577658",-1.19215029849936
"GSM3577659",0.750236202846165
"GSM3577660",-1.81353831045813
"GSM3577661",0.627921698695963
"GSM3577662",-0.983131300537863
"GSM3577663",0.52351551916289
"GSM3577664",1.5896466023961
"GSM3577665",-1.10654218363841
"GSM3577666",0.0342895168033292
"GSM3577667",-1.54703803164368
"GSM3577668",1.06921410867444
"GSM3577669",0.318897295504874
"GSM3577670",-1.86751220634741
"GSM3577671",-1.34147535896186
"GSM3577672",1.01387985543168
"GSM3577673",-1.0158753650492
"GSM3577674",-0.977043388712346
"GSM3577675",-1.61562653628275
"GSM3577676",-0.0576730444393847
"GSM3577677",-0.785970077287874
"GSM3577678",2.1959207889427
"GSM3577679",-0.192644204094081
"GSM3577680",0.676532004858926
"GSM3577681",0.369391455430418
"GSM3577682",0.407286394694142
"GSM3577683",-0.12829454742837
"GSM3577684",0.0207338581829278
"GSM3577685",1.34275714051661
"GSM3577686",1.48420160392465
"GSM3577687",-0.506190570713601
"GSM3577688",-0.377371867301788
"GSM3577689",-0.892739834534466
"GSM3577690",0.916990106374307
"GSM3577691",1.77066825337114
"GSM3577692",0.876948892220223
"GSM3577693",-1.33366452027763
"GSM3577694",-0.559592257464811
"GSM3577695",-2.0209332472611
"GSM3577696",-0.4114270742324
"GSM3577697",-1.04135184748199
"GSM3577698",0.374662426945306
"GSM3577699",0.49408504614992
"GSM3577700",1.53406583165579
"GSM3577701",1.06077125870441
"GSM3577702",-0.751147955601877
"GSM3577703",0.24171736282919
"GSM3577704",-0.177418216741323
"GSM3577705",-0.299063140618624
"GSM3577706",0.996922475062091
"GSM3577707",0.223609667891384
"GSM3577708",1.53469484541363
"GSM3577709",1.54814365569088
"GSM3577710",1.26167531258901
"GSM3577711",-0.183056087653529
"GSM3577712",-0.506405345199429
"GSM3577713",0.197273184399858
"GSM3577714",1.98224309091162
"GSM3577715",1.51804217058775
"GSM3577716",1.30685843619236
"GSM3577717",1.12198798576824
"GSM3577718",1.70686343115999
"GSM3577719",-0.904978894714886
"GSM3577720",0.366332916647551
"GSM3577721",0.281749405680306
"GSM3577722",-0.24910865046228
"GSM3577723",0.252496904952402
"GSM3577724",-1.08977777376044
"GSM3577725",-0.944198759859511
"GSM3577726",-0.91596743853922
"GSM3577727",-1.28978659083339
"GSM3577728",-0.940011886737596
"GSM3577729",0.240650740363534
"GSM3577730",0.286888197776063
"GSM3577731",-0.042668849968629
"GSM3577732",-1.00127446611199
"GSM3577733",-0.890062027906691
"GSM3577734",-0.829141816865147
"GSM3577735",0.0139195754973317
"GSM3577736",0.083993567620025
"GSM3577737",-1.47428145386998
"GSM3577738",1.18411365954135
"GSM3577739",1.95222720484216
"GSM3577740",1.62153487447341
"GSM3577741",1.19015599624187
"GSM3577742",0.109556028083248
"GSM3577743",-0.940891479642406
"GSM3577744",1.22004409218607
"GSM3577745",1.3811040937069
"GSM3577746",-0.504025470585654
"GSM3577747",-0.654325274052205
"GSM3577748",0.810927508324719
"GSM3577749",1.42675166622378
"GSM3577750",-1.07048224251434
"GSM3577751",0.77591264084527
"GSM3577752",1.40928522086312
"GSM3577753",0.366755270291546
"GSM3577754",0.374152679034883
"GSM3577755",1.2455406576048
"GSM3577756",-0.603560051186921
"GSM3577757",0.0565248311834472
"GSM3577758",1.86859400528686
"GSM3577759",-0.126352223078956
"GSM3577760",1.49181477367542
"GSM3577761",0.52157923938069
"GSM3577762",0.223384399253865
"GSM3577763",1.44573866034132
"GSM3577764",1.47244680307802
"GSM3577765",0.811855974604022
"GSM3577766",-1.13261729397086
"GSM3577767",0.121576394101122
"GSM3577768",-0.107170843034888
"GSM3577769",-1.19491217240322
"GSM3577770",0.014155678198518
"GSM3577771",-1.76979818209419
"GSM3577772",-1.11987292993608
"GSM3577773",0.26974820587664
"GSM3577774",-1.36067272213336
"GSM3577775",1.09073529977239
"GSM3577776",-0.373649792958408
"GSM3577777",-0.497263469763616
"GSM3577778",0.595255403524411
"GSM3577779",1.49759267637513
"GSM3577780",-1.94283923974304
"GSM3577781",0.456374179750395
"GSM3577782",-0.810902859935625
"GSM3577783",-1.12044220535278
"GSM3577784",0.364508693658954
"GSM3577785",-0.253088154764513
"GSM3577786",-0.774061068504392
"GSM3577787",-1.22775961477576
"GSM3577788",-0.875147053579489
"GSM3577789",0.661622648314874
"GSM3577790",-1.33992390181931
"GSM3577791",0.260706011253082
"GSM3577792",0.812984149490236
"GSM3577793",-1.02120873844377
"GSM3577794",0.443939899154478
"GSM3577795",-0.97966853947246
"GSM3577796",-1.82682091355061
"GSM3577797",-1.43720344715003
"GSM3577798",-0.280369658104009
"GSM3577799",-0.859637331201693
"GSM3577800",1.32664970531123
"GSM3577801",0.611874350189055
"GSM3577802",-0.59991788092577
"GSM3577803",-0.994955590829901
"GSM3577804",-0.0579755117111954
"GSM3577805",1.18249213983184
"GSM3577806",-0.976268705751762
"GSM3577807",-0.989572979762679
"GSM3577808",1.18557914825234
"GSM3577809",0.360944402099764
"GSM3577810",-0.880992599333047
"GSM3577811",1.14766568259844
"GSM3577812",0.880193886293326
"GSM3577813",-0.405214052392902
"GSM3577814",-1.26249060890679
"GSM3577815",1.36023200510335
"GSM3577816",-1.20836430076322
"GSM3577817",-0.0454860065929288
"GSM3577818",-0.173468733107375
"GSM3577819",1.7767752995633
"GSM3577820",0.514472664602483
"GSM3577821",-0.288344575570408
"GSM3577822",-1.21017438784952
"GSM3577823",-1.14841663046608
"GSM3577824",-1.86372164458198
"GSM3577825",0.439605816418533
"GSM3577826",0.578978696412291
"GSM3577827",0.0714315633673212
"GSM3577828",1.28867085180737
"GSM3577829",-0.714750259070759
"GSM3577830",-0.876053099501085
"GSM3577831",0.0986564044280772
"GSM3577832",-0.810823057367447
"GSM3577833",-1.59264012194369
"GSM3577834",-0.967332232167398
"GSM3577835",-0.0639056551074245
"GSM3577836",0.176183564146132
"GSM3577837",1.1400609848356
"GSM3577838",-0.342997666800883
"GSM3577839",-0.0423837721722398
"GSM3577840",1.17932313211338
"GSM3577841",-1.40465284947911
"GSM3577842",-0.184639391817126
"GSM3577843",0.350838441532112
"GSM3577844",-1.27475306465493
"GSM3577845",-0.256756194922941
"GSM3577846",-1.52906035432313
"GSM3577847",-1.10191103868335
"GSM3577848",0.0526494357971759
"GSM3577849",1.37244288723648
"GSM3577850",-0.243530777399305
"GSM3577851",-1.11422290497623
"GSM3577852",-0.205336681779818
"GSM3577853",-1.43003571569055
"GSM3577854",0.395218007743102
"GSM3577855",-0.875197677219813
"GSM3577856",0.935619296934054
